dimension,endpoint,source_width,q,trials,atomic_mass,d_x_squared,base_risk,base_objective,exact_expected_excess,mc_mean_excess,mc_excess_se,mc_mean_linear_term,mc_mean_remainder,smooth_bound,exact_to_bound_ratio,q_scaled_exact,best_objective_excess,max_mass_error,max_support_excess,balance_prediction_error,balance_penalty_error
2,0,256,4,2048,1.0,1.0285419227914487,0.0006188075169127965,0.010618807516912795,0.04326535550358292,0.042881770266186045,0.0007550673041857741,-8.638004706157338e-05,0.04296815031324762,0.1285677403489311,0.3365179739969088,0.1682589869984544,0.0048728403807867,0.0,0,4.440892098500626e-16,1.734723475976807e-18
2,0,256,8,2048,1.0,1.0285419227914487,0.0006188075169127965,0.010618807516912795,0.02163267775179146,0.02197163512810412,0.0004060494415174967,-3.097427402509386e-05,0.02200260940212921,0.06428387017446555,0.3365179739969088,0.1682589869984544,0.0001308563009039046,0.0,0,4.440892098500626e-16,1.734723475976807e-18
2,0,256,16,2048,1.0,1.0285419227914487,0.0006188075169127965,0.010618807516912795,0.01081633887589573,0.010981648721417565,0.00021025233746026375,4.290749302267771e-05,0.010938741228394885,0.03214193508723277,0.3365179739969088,0.1682589869984544,0.00018635631482481654,0.0,0,4.440892098500626e-16,1.734723475976807e-18
2,0,256,32,2048,1.0,1.0285419227914487,0.0006188075169127965,0.010618807516912795,0.005408169437947865,0.005473910929107485,0.00010939351802303457,-9.501103775904832e-06,0.005483412032883389,0.016070967543616387,0.3365179739969088,0.1682589869984544,-0.00023536274635079857,0.0,0,4.440892098500626e-16,1.734723475976807e-18
2,0,256,64,2048,1.0,1.0285419227914487,0.0006188075169127965,0.010618807516912795,0.0027040847189739323,0.0026254643390864205,5.384142523417492e-05,-5.914723807154702e-05,0.002684611577157967,0.008035483771808193,0.3365179739969088,0.1682589869984544,-0.0003454586114599518,0.0,-3,4.440892098500626e-16,1.734723475976807e-18
2,0,256,128,2048,1.0,1.0285419227914487,0.0006188075169127965,0.010618807516912795,0.0013520423594869662,0.0013529805460692924,3.0504290348173253e-05,-1.973997656138436e-05,0.0013727205226306766,0.004017741885904097,0.3365179739969088,0.1682589869984544,-0.00039353677815381975,0.0,-29,4.440892098500626e-16,1.734723475976807e-18
2,1,256,4,2048,1.0,1.0095173955355081,0.0003962410828600791,0.010396241082860079,0.0513699382424833,0.050397166297979926,0.0008285551501391983,5.384401396018313e-06,0.0503917818965839,0.12618967444193852,0.4070851158754615,0.20354255793773074,0.005559257289026723,0.0,0,3.3306690738754696e-16,0.0
2,1,256,8,2048,1.0,1.0095173955355081,0.0003962410828600791,0.010396241082860079,0.02568496912124165,0.025486377497922413,0.0004670145595034392,-9.304775881734699e-05,0.025579425256739757,0.06309483722096926,0.4070851158754615,0.20354255793773074,0.00015209426657334128,0.0,0,3.3306690738754696e-16,0.0
2,1,256,16,2048,1.0,1.0095173955355081,0.0003962410828600791,0.010396241082860079,0.012842484560620825,0.012857362570081896,0.0002399486881885139,1.3504896722400178e-05,0.012843857673359495,0.03154741861048463,0.4070851158754615,0.20354255793773074,0.00012555537568382938,0.0,0,3.3306690738754696e-16,0.0
2,1,256,32,2048,1.0,1.0095173955355081,0.0003962410828600791,0.010396241082860079,0.006421242280310413,0.006335631016798546,0.00012079501066551427,1.2131823007458079e-05,0.006323499193791087,0.015773709305242314,0.4070851158754615,0.20354255793773074,1.9620377950308344e-05,0.0,0,3.3306690738754696e-16,0.0
2,1,256,64,2048,1.0,1.0095173955355081,0.0003962410828600791,0.010396241082860079,0.0032106211401552063,0.0031057940348746603,5.9582728247297955e-05,-2.495515374515334e-05,0.0031307491886198137,0.007886854652621157,0.4070851158754615,0.20354255793773074,-0.00014956249897678454,0.0,-4,3.3306690738754696e-16,0.0
2,1,256,128,2048,1.0,1.0095173955355081,0.0003962410828600791,0.010396241082860079,0.0016053105700776032,0.0016120258116554638,3.250281857074597e-05,4.612748068722374e-06,0.0016074130635867412,0.003943427326310579,0.4070851158754615,0.20354255793773074,-0.00016101942807778132,0.0,-26,3.3306690738754696e-16,0.0
2,2,256,4,2048,1.0,1.0268175278623501,0.0021135973498791517,0.01211359734987915,0.04788658861308191,0.04773440419355826,0.0007471879808528928,6.546033780883788e-05,0.04766894385574942,0.12835219098279377,0.37308742645072057,0.18654371322536029,0.0008152179117094809,0.0,0,4.440892098500626e-16,1.734723475976807e-18
2,2,256,8,2048,1.0,1.0268175278623501,0.0021135973498791517,0.01211359734987915,0.023943294306540956,0.023447331478898447,0.0003982525527729687,-0.00030557166483304217,0.02375290314373149,0.06417609549139688,0.37308742645072057,0.18654371322536029,-0.0010912807817725712,0.0,0,4.440892098500626e-16,1.734723475976807e-18
2,2,256,16,2048,1.0,1.0268175278623501,0.0021135973498791517,0.01211359734987915,0.011971647153270478,0.012130566449319882,0.00022460052447624657,-3.6586130940917145e-07,0.01213093231062929,0.03208804774569844,0.37308742645072057,0.18654371322536029,-0.0015937965780467912,0.0,0,4.440892098500626e-16,1.734723475976807e-18
2,2,256,32,2048,1.0,1.0268175278623501,0.0021135973498791517,0.01211359734987915,0.005985823576635239,0.005986748555749678,0.00012691948027050278,7.714987778642711e-05,0.005909598677963251,0.01604402387284922,0.37308742645072057,0.18654371322536029,-0.0016621213268810647,0.0,0,4.440892098500626e-16,1.734723475976807e-18
2,2,256,64,2048,1.0,1.0268175278623501,0.0021135973498791517,0.01211359734987915,0.0029929117883176195,0.003036754059997825,7.605399611243781e-05,2.7056528481582477e-05,0.003009697531516242,0.00802201193642461,0.37308742645072057,0.18654371322536029,-0.0017954245099605344,0.0,-6,4.440892098500626e-16,1.734723475976807e-18
2,2,256,128,2048,1.0,1.0268175278623501,0.0021135973498791517,0.01211359734987915,0.0014964558941588098,0.0014653477588350166,4.4422521928114615e-05,1.9498514722407084e-05,0.0014458492441126094,0.004011005968212305,0.37308742645072057,0.18654371322536029,-0.0017495538578814946,0.0,-34,4.440892098500626e-16,1.734723475976807e-18
2,3,256,4,2048,1.0,0.9988938702863566,0.004138641546149584,0.014138641546149584,0.055360544337820304,0.05348885150267447,0.0008697737353965574,-0.0006881337642646373,0.05417698526693911,0.12486173378579457,0.4433747847262284,0.2216873923631142,0.0008827877688452213,0.0,0,2.220446049250313e-16,0.0
2,3,256,8,2048,1.0,0.9988938702863566,0.004138641546149584,0.014138641546149584,0.027680272168910152,0.027345895314270285,0.0004904146877352842,-0.00022819809775927316,0.027574093412029557,0.062430866892897285,0.4433747847262284,0.2216873923631142,-0.002481514705610899,0.0,0,2.220446049250313e-16,0.0
2,3,256,16,2048,1.0,0.9988938702863566,0.004138641546149584,0.014138641546149584,0.013840136084455076,0.014192540705166278,0.00030198071984921293,7.292411132232539e-05,0.014119616593843953,0.031215433446448643,0.4433747847262284,0.2216873923631142,-0.0037089078341062103,0.0,0,2.220446049250313e-16,0.0
2,3,256,32,2048,1.0,0.9988938702863566,0.004138641546149584,0.014138641546149584,0.006920068042227538,0.007178777678682578,0.00018501783610854183,2.152508970799927e-05,0.007157252588974578,0.015607716723224321,0.4433747847262284,0.2216873923631142,-0.0036710028441183547,0.0,0,2.220446049250313e-16,0.0
2,3,256,64,2048,1.0,0.9988938702863566,0.004138641546149584,0.014138641546149584,0.003460034021113769,0.003490875781957661,0.00011294580099917057,-1.515596591300202e-05,0.0035060317478706636,0.007803858361612161,0.4433747847262284,0.2216873923631142,-0.0038081910023330732,0.0,-8,2.220446049250313e-16,0.0
2,3,256,128,2048,1.0,0.9988938702863566,0.004138641546149584,0.014138641546149584,0.0017300170105568845,0.0017360232734630898,7.098478611061312e-05,2.249948307263439e-05,0.0017135237903904558,0.0039019291808060803,0.4433747847262284,0.2216873923631142,-0.0035694213608879304,0.0,-36,2.220446049250313e-16,0.0
2,4,256,4,2048,1.0,1.04534218016466,0.0016078097718055827,0.011607809771805583,0.0565111788923387,0.05645769750313884,0.0008961209568615499,-0.00014252368639424925,0.05660022118953308,0.1306677725205825,0.43247985178164094,0.21623992589082047,0.0011313993164032315,0.0,0,2.220446049250313e-16,0.0
2,4,256,8,2048,1.0,1.04534218016466,0.0016078097718055827,0.011607809771805583,0.02825558944616935,0.02837307330942463,0.0004775710300932979,5.574879791972615e-05,0.0283173245115049,0.06533388626029125,0.43247985178164094,0.21623992589082047,0.00015622255839211805,0.0,0,2.220446049250313e-16,0.0
2,4,256,16,2048,1.0,1.04534218016466,0.0016078097718055827,0.011607809771805583,0.014127794723084675,0.014119143661480297,0.0002486637818525671,-2.4949380677876674e-05,0.014144093042158173,0.03266694313014563,0.43247985178164094,0.21623992589082047,-0.0012302029501340195,0.0,0,2.220446049250313e-16,0.0
2,4,256,32,2048,1.0,1.04534218016466,0.0016078097718055827,0.011607809771805583,0.007063897361542337,0.006968608780980986,0.00012922347162020324,1.546629223141411e-05,0.006953142488749571,0.016333471565072814,0.43247985178164094,0.21623992589082047,-0.0010176828060625934,0.0,0,2.220446049250313e-16,0.0
2,4,256,64,2048,1.0,1.04534218016466,0.0016078097718055827,0.011607809771805583,0.0035319486807711686,0.0036052383887854047,7.457200936553758e-05,3.949601718172474e-05,0.0035657423716036803,0.008166735782536407,0.43247985178164094,0.21623992589082047,-0.0012439099116046415,0.0,-3,2.220446049250313e-16,0.0
2,4,256,128,2048,1.0,1.04534218016466,0.0016078097718055827,0.011607809771805583,0.0017659743403855843,0.0017173638837010537,4.098057719499253e-05,-4.660278128067301e-05,0.0017639666649817269,0.004083367891268203,0.43247985178164094,0.21623992589082047,-0.0013063477230892833,0.0,-26,2.220446049250313e-16,0.0
2,5,256,4,2048,1.0,0.9914190626501685,0.0015987677785027623,0.011598767778502762,0.055872515408389556,0.056818696778346,0.0009188611837091725,-0.00019633286062007408,0.05701502963896607,0.12392738283127107,0.4508488288214784,0.2254244144107392,0.004925281560937266,0.0,0,2.220446049250313e-16,0.0
2,5,256,8,2048,1.0,0.9914190626501685,0.0015987677785027623,0.011598767778502762,0.027936257704194778,0.02712639992375772,0.000489312814713311,-0.00033173169003446206,0.027458131613792187,0.061963691415635534,0.4508488288214784,0.2254244144107392,-0.001013891129145831,0.0,0,2.220446049250313e-16,0.0
2,5,256,16,2048,1.0,0.9914190626501685,0.0015987677785027623,0.011598767778502762,0.013968128852097389,0.013579032140568319,0.00025310552072661,-0.00014846463589458572,0.013727496776462905,0.030981845707817767,0.4508488288214784,0.2254244144107392,-0.0010864454669036157,0.0,0,2.220446049250313e-16,0.0
2,5,256,32,2048,1.0,0.9914190626501685,0.0015987677785027623,0.011598767778502762,0.0069840644260486945,0.006870797926347486,0.00014510436565845256,-0.00013905472281682465,0.00700985264916431,0.015490922853908884,0.4508488288214784,0.2254244144107392,-0.0012347692391414902,0.0,0,2.220446049250313e-16,0.0
2,5,256,64,2048,1.0,0.9914190626501685,0.0015987677785027623,0.011598767778502762,0.0034920322130243472,0.0035395164599205074,8.409179755991807e-05,-2.6186877681405062e-05,0.0035657033376019125,0.007745461426954442,0.4508488288214784,0.2254244144107392,-0.0013174432292718126,0.0,-6,2.220446049250313e-16,0.0
2,5,256,128,2048,1.0,0.9914190626501685,0.0015987677785027623,0.011598767778502762,0.0017460161065121736,0.0018938270540105589,5.246966095194455e-05,0.00011334185806061858,0.0017804851959499404,0.003872730713477221,0.4508488288214784,0.2254244144107392,-0.0013412039545288939,0.0,-33,2.220446049250313e-16,0.0
2,6,256,4,2048,1.0,1.0430401717880424,0.002672178391192733,0.012672178391192734,0.05666034418661482,0.05554908810955339,0.0008676717019788379,9.869801343504733e-05,0.05545039009611834,0.1303800214735053,0.43457842349051035,0.21728921174525517,0.0010682389668657077,0.0,0,2.220446049250313e-16,0.0
2,6,256,8,2048,1.0,1.0430401717880424,0.002672178391192733,0.012672178391192734,0.02833017209330741,0.028174890972294794,0.000484451581807075,6.371958583655147e-05,0.028111171386458245,0.06519001073675265,0.43457842349051035,0.21728921174525517,-0.000765564000530536,0.0,0,2.220446049250313e-16,0.0
2,6,256,16,2048,1.0,1.0430401717880424,0.002672178391192733,0.012672178391192734,0.014165086046653706,0.013902786094542534,0.0002660946782436814,7.17745951510325e-05,0.0138310114993915,0.032595005368376326,0.43457842349051035,0.21728921174525517,-0.00209420142156283,0.0,0,2.220446049250313e-16,0.0
2,6,256,32,2048,1.0,1.0430401717880424,0.002672178391192733,0.012672178391192734,0.007082543023326853,0.007059854910434146,0.00014792249204456938,0.00021073129709942479,0.006849123613334722,0.016297502684188163,0.43457842349051035,0.21728921174525517,-0.0019552896334917016,0.0,0,2.220446049250313e-16,0.0
2,6,256,64,2048,1.0,1.0430401717880424,0.002672178391192733,0.012672178391192734,0.0035412715116634264,0.003519811414143246,8.630611844945463e-05,-8.821441741562139e-05,0.0036080258315588677,0.008148751342094081,0.43457842349051035,0.21728921174525517,-0.002291257401916953,0.0,-5,2.220446049250313e-16,0.0
2,6,256,128,2048,1.0,1.0430401717880424,0.002672178391192733,0.012672178391192734,0.0017706357558317132,0.0017585633642729416,5.352054986824903e-05,-1.0840744456601553e-05,0.0017694041087295428,0.004074375671047041,0.43457842349051035,0.21728921174525517,-0.002148901511271611,0.0,-31,2.220446049250313e-16,0.0
2,7,256,4,2048,1.0,1.0207355949580745,0.0013309133415940282,0.011330913341594029,0.05879340603103374,0.058743137503705856,0.0008931348722030982,0.0003404058479715676,0.05840273165573429,0.12759194936975932,0.4607924427947365,0.23039622139736826,0.005554136349867941,0.0,0,2.220446049250313e-16,0.0
2,7,256,8,2048,1.0,1.0207355949580745,0.0013309133415940282,0.011330913341594029,0.02939670301551687,0.030639674362188514,0.0005115120999552484,6.287559965480749e-06,0.030633386802223037,0.06379597468487966,0.4607924427947365,0.23039622139736826,-0.0005628612382099526,0.0,0,2.220446049250313e-16,0.0
2,7,256,16,2048,1.0,1.0207355949580745,0.0013309133415940282,0.011330913341594029,0.014698351507758434,0.014432253804369414,0.0002528319242341227,-6.690605476995875e-05,0.014499159859139372,0.03189798734243983,0.4607924427947365,0.23039622139736826,-0.0007039709612588046,0.0,0,2.220446049250313e-16,0.0
2,7,256,32,2048,1.0,1.0207355949580745,0.0013309133415940282,0.011330913341594029,0.007349175753879217,0.007281854673400678,0.00014513832785709987,-0.00010683483636226396,0.007388689509762942,0.015948993671219915,0.4607924427947365,0.23039622139736826,-0.0009294298162214972,0.0,0,2.220446049250313e-16,0.0
2,7,256,64,2048,1.0,1.0207355949580745,0.0013309133415940282,0.011330913341594029,0.0036745878769396086,0.0036604861798185916,7.781071516275324e-05,6.118697705290132e-05,0.0035992992027656903,0.007974496835609957,0.4607924427947365,0.23039622139736826,-0.0009746579629557272,0.0,-7,2.220446049250313e-16,0.0
2,7,256,128,2048,1.0,1.0207355949580745,0.0013309133415940282,0.011330913341594029,0.0018372939384698043,0.0018958485325245257,4.672259915032057e-05,6.640905920967611e-05,0.0018294394733148495,0.003987248417804979,0.4607924427947365,0.23039622139736826,-0.0010036407590498372,0.0,-35,2.220446049250313e-16,0.0
8,0,256,4,2048,1.0,1.0707686388284612,0.008880582186144233,0.018880582186144232,0.06022687925340184,0.06070053255985232,0.0009243930898668122,-0.0003857154969275115,0.06108624805677984,0.13384607985355765,0.44997118570298567,0.22498559285149283,0.0015251418043265713,0.0,0,1.1102230246251565e-16,0.0
8,0,256,8,2048,1.0,1.0707686388284612,0.008880582186144233,0.018880582186144232,0.03011343962670092,0.03019465652888651,0.000534630507275653,0.0001760009299711622,0.030018655598915346,0.06692303992677882,0.44997118570298567,0.22498559285149283,-0.003225977598489956,0.0,0,1.1102230246251565e-16,0.0
8,0,256,16,2048,1.0,1.0707686388284612,0.008880582186144233,0.018880582186144232,0.01505671981335046,0.015074036527173821,0.00032564324982423365,-5.5880003168628825e-05,0.01512991653034245,0.03346151996338941,0.44997118570298567,0.22498559285149283,-0.005536288156613219,0.0,0,1.1102230246251565e-16,0.0
8,0,256,32,2048,1.0,1.0707686388284612,0.008880582186144233,0.018880582186144232,0.00752835990667523,0.007681654081684467,0.00021018678134858795,7.729668698101748e-05,0.007604357394703451,0.016730759981694706,0.44997118570298567,0.22498559285149283,-0.005933748784553446,0.0,0,1.1102230246251565e-16,0.0
8,0,256,64,2048,1.0,1.0707686388284612,0.008880582186144233,0.018880582186144232,0.003764179953337615,0.003785948979875082,0.00013796529727639397,3.022682031570657e-05,0.0037557221595593774,0.008365379990847353,0.44997118570298567,0.22498559285149283,-0.006640705472440308,0.0,-5,1.1102230246251565e-16,0.0
8,0,256,128,2048,1.0,1.0707686388284612,0.008880582186144233,0.018880582186144232,0.0018820899766688074,0.0019984554451982126,9.376269365549833e-05,0.0001496648997802614,0.0018487905454179529,0.0041826899954236765,0.44997118570298567,0.22498559285149283,-0.006612919522321941,0.0,-30,1.1102230246251565e-16,0.0
8,1,256,4,2048,1.0,1.050424771053128,0.009949882799243172,0.019949882799243174,0.06087871576485775,0.060274230649923446,0.0007994821049573229,-7.05897046098998e-05,0.06034482035453334,0.131303096381641,0.4636502675299431,0.23182513376497155,0.005361267244289428,0.0,0,1.6653345369377348e-16,1.734723475976807e-18
8,1,256,8,2048,1.0,1.050424771053128,0.009949882799243172,0.019949882799243174,0.030439357882428877,0.030992727501930155,0.0004888692587265296,0.0003624422596331649,0.03063028524229699,0.0656515481908205,0.4636502675299431,0.23182513376497155,-0.0036159434293469572,0.0,0,1.6653345369377348e-16,1.734723475976807e-18
8,1,256,16,2048,1.0,1.050424771053128,0.009949882799243172,0.019949882799243174,0.015219678941214438,0.01524775842107413,0.0002802895804072199,8.609980254271833e-05,0.015161658618531412,0.03282577409541025,0.4636502675299431,0.23182513376497155,-0.0037276163771060664,0.0,0,1.6653345369377348e-16,1.734723475976807e-18
8,1,256,32,2048,1.0,1.050424771053128,0.009949882799243172,0.019949882799243174,0.007609839470607219,0.007439566183759197,0.00016889578261359363,-0.0001626419668018879,0.007602208150561085,0.016412887047705126,0.4636502675299431,0.23182513376497155,-0.005319514320069635,0.0,0,1.6653345369377348e-16,1.734723475976807e-18
8,1,256,64,2048,1.0,1.050424771053128,0.009949882799243172,0.019949882799243174,0.0038049197353036096,0.0039146002642920395,0.0001141712132492065,0.00010243284257613398,0.0038121674217159057,0.008206443523852563,0.4636502675299431,0.23182513376497155,-0.006547861866472469,0.0,-5,1.6653345369377348e-16,1.734723475976807e-18
8,1,256,128,2048,1.0,1.050424771053128,0.009949882799243172,0.019949882799243174,0.0019024598676518048,0.0019507001605258804,7.933528579843964e-05,-1.1907594278317304e-07,0.0019508192364686631,0.004103221761926281,0.4636502675299431,0.23182513376497155,-0.005634278315556264,0.0,-27,1.6653345369377348e-16,1.734723475976807e-18
8,2,256,4,2048,1.0,1.0617357387428377,0.006508793964536802,0.016508793964536802,0.06112251434203805,0.06058998555464383,0.0007207376804697946,0.00019438029877755765,0.060395605255866264,0.1327169673428547,0.46054785281626465,0.23027392640813232,0.005507975082477355,0.0,0,1.1102230246251565e-16,0.0
8,2,256,8,2048,1.0,1.0617357387428377,0.006508793964536802,0.016508793964536802,0.030561257171019027,0.030600897880704647,0.00040523525071390763,-0.00015578228298546179,0.03075668016369011,0.06635848367142735,0.46054785281626465,0.23027392640813232,0.0015544554853673658,0.0,0,1.1102230246251565e-16,0.0
8,2,256,16,2048,1.0,1.0617357387428377,0.006508793964536802,0.016508793964536802,0.015280628585509513,0.015056440506050638,0.0002298433230015309,9.193721293211142e-05,0.014964503293118528,0.03317924183571368,0.46054785281626465,0.23027392640813232,-0.0019391174170690076,0.0,0,1.1102230246251565e-16,0.0
8,2,256,32,2048,1.0,1.0617357387428377,0.006508793964536802,0.016508793964536802,0.007640314292754757,0.00772402690693554,0.00013525933663066666,1.2271056415563266e-05,0.007711755850519976,0.01658962091785684,0.46054785281626465,0.23027392640813232,-0.0031156584519049916,0.0,0,1.1102230246251565e-16,0.0
8,2,256,64,2048,1.0,1.0617357387428377,0.006508793964536802,0.016508793964536802,0.0038201571463773783,0.003638637502340862,7.987035267391738e-05,-0.0001754098582112939,0.0038140473605521564,0.00829481045892842,0.46054785281626465,0.23027392640813232,-0.003307240370905731,0.0,-4,1.1102230246251565e-16,0.0
8,2,256,128,2048,1.0,1.0617357387428377,0.006508793964536802,0.016508793964536802,0.0019100785731886892,0.0018989296710242073,5.211162296888671e-05,-2.5606515774043824e-05,0.0019245361867982515,0.00414740522946421,0.46054785281626465,0.23027392640813232,-0.003448431042268484,0.0,-26,1.1102230246251565e-16,0.0
8,3,256,4,2048,1.0,1.0844102116449335,0.0066697702473436865,0.016669770247343684,0.06208202940525894,0.0622694415454658,0.0007123861926289437,0.00013007418998292746,0.06213936735548287,0.13555127645561668,0.4579966417770057,0.22899832088850286,0.0043434091836613105,0.0,0,1.1102230246251565e-16,0.0
8,3,256,8,2048,1.0,1.0844102116449335,0.0066697702473436865,0.016669770247343684,0.03104101470262947,0.03122622835972401,0.0004019452094188277,0.00030799186838849433,0.030918236491335516,0.06777563822780834,0.4579966417770057,0.22899832088850286,0.0027315863225599374,0.0,0,1.1102230246251565e-16,0.0
8,3,256,16,2048,1.0,1.0844102116449335,0.0066697702473436865,0.016669770247343684,0.015520507351314735,0.01585005769533871,0.0002278026742262051,-6.997112841784335e-05,0.015920028823756555,0.03388781911390417,0.4579966417770057,0.22899832088850286,-0.0018031533195632162,0.0,0,1.1102230246251565e-16,0.0
8,3,256,32,2048,1.0,1.0844102116449335,0.0066697702473436865,0.016669770247343684,0.007760253675657368,0.007791583682705962,0.00012105453768382663,4.4228283646054606e-05,0.0077473553990599076,0.016943909556952085,0.4579966417770057,0.22899832088850286,-0.0027912795393020486,0.0,0,1.1102230246251565e-16,0.0
8,3,256,64,2048,1.0,1.0844102116449335,0.0066697702473436865,0.016669770247343684,0.003880126837828684,0.0036867273663626857,7.459719703279187e-05,-0.0001258242540494416,0.003812551620412127,0.008471954778476043,0.4579966417770057,0.22899832088850286,-0.002989704074746814,0.0,-4,1.1102230246251565e-16,0.0
8,3,256,128,2048,1.0,1.0844102116449335,0.0066697702473436865,0.016669770247343684,0.001940063418914342,0.0019464184374687185,4.670003537607563e-05,6.553034547838616e-06,0.0019398654029208796,0.004235977389238021,0.4579966417770057,0.22899832088850286,-0.0029518372046801818,0.0,-28,1.1102230246251565e-16,0.0
8,4,256,4,2048,1.0,1.0723265924049925,0.0181935171671099,0.028193517167109904,0.060562240483600774,0.06036338602873474,0.001059140972041229,-0.00045035044468339045,0.060813736473418145,0.13404082405062406,0.4518193685584016,0.2259096842792008,-0.0029359998719658345,0.0,0,1.6653345369377348e-16,0.0
8,4,256,8,2048,1.0,1.0723265924049925,0.0181935171671099,0.028193517167109904,0.030281120241800387,0.030058948818931605,0.0006527766120045799,-0.0002541505323775125,0.030313099351309117,0.06702041202531203,0.4518193685584016,0.2259096842792008,-0.01088512612797328,0.0,0,1.6653345369377348e-16,0.0
8,4,256,16,2048,1.0,1.0723265924049925,0.0181935171671099,0.028193517167109904,0.015140560120900193,0.015134256611716272,0.00042173333505099035,-0.00016277221750632528,0.015297028829222598,0.033510206012656016,0.4518193685584016,0.2259096842792008,-0.013421139856616124,0.0,0,1.6653345369377348e-16,0.0
8,4,256,32,2048,1.0,1.0723265924049925,0.0181935171671099,0.028193517167109904,0.007570280060450097,0.007850413879985198,0.000286118023693573,0.0001479781850563447,0.007702435694928854,0.016755103006328008,0.4518193685584016,0.2259096842792008,-0.013006816242613902,0.0,0,1.6653345369377348e-16,0.0
8,4,256,64,2048,1.0,1.0723265924049925,0.0181935171671099,0.028193517167109904,0.0037851400302250484,0.0036758480293076793,0.00018466695166425534,-4.97887486566019e-05,0.0037256367779642825,0.008377551503164004,0.4518193685584016,0.2259096842792008,-0.014038559405445006,0.0,-5,1.6653345369377348e-16,0.0
8,4,256,128,2048,1.0,1.0723265924049925,0.0181935171671099,0.028193517167109904,0.0018925700151125242,0.0018605893457435357,0.00013219107211641045,-4.006670543779548e-05,0.001900656051181332,0.004188775751582002,0.4518193685584016,0.2259096842792008,-0.012281553299634394,0.0,-31,1.6653345369377348e-16,0.0
8,5,256,4,2048,1.0,1.0510219422100604,0.00901810088366359,0.01901810088366359,0.061372103190375116,0.06157637929726155,0.000810361614025,0.00036476822327959253,0.061211611073981945,0.13137774277625755,0.4671423172104173,0.23357115860520866,0.008585123952285495,0.0,0,1.1102230246251565e-16,0.0
8,5,256,8,2048,1.0,1.0510219422100604,0.00901810088366359,0.01901810088366359,0.030686051595187558,0.030670379648604015,0.0004600192800863447,-0.00038568832452517585,0.03105606797312919,0.06568887138812878,0.4671423172104173,0.23357115860520866,-0.002453500937878576,0.0,0,1.1102230246251565e-16,0.0
8,5,256,16,2048,1.0,1.0510219422100604,0.00901810088366359,0.01901810088366359,0.015343025797593779,0.015449849596235998,0.00027476670248545974,0.00011734251533018044,0.015332507080905819,0.03284443569406439,0.4671423172104173,0.23357115860520866,-0.0038591876926232626,0.0,0,1.1102230246251565e-16,0.0
8,5,256,32,2048,1.0,1.0510219422100604,0.00901810088366359,0.01901810088366359,0.0076715128987968895,0.007903921685957566,0.00016206446997080428,0.00010687448252317131,0.007797047203434396,0.016422217847032194,0.4671423172104173,0.23357115860520866,-0.005731711244911072,0.0,0,1.1102230246251565e-16,0.0
8,5,256,64,2048,1.0,1.0510219422100604,0.00901810088366359,0.01901810088366359,0.0038357564493984447,0.003935937310595832,0.00010513292377955708,6.560962686527121e-05,0.003870327683730561,0.008211108923516097,0.4671423172104173,0.23357115860520866,-0.005635575100681676,0.0,-5,1.1102230246251565e-16,0.0
8,5,256,128,2048,1.0,1.0510219422100604,0.00901810088366359,0.01901810088366359,0.0019178782246992224,0.001990101703400419,6.732224222752763e-05,7.258068140233256e-05,0.0019175210219980875,0.0041055544617580484,0.4671423172104173,0.23357115860520866,-0.005553312987081949,0.0,-29,1.1102230246251565e-16,0.0
8,6,256,4,2048,1.0,1.057469259725935,0.00709779318254195,0.017097793182541947,0.06149466269724625,0.06230031402189302,0.0008280048563627186,-0.00045963015010472963,0.06275994417199773,0.13218365746574187,0.46522137362694677,0.23261068681347338,0.011436950705898926,0.0,0,1.6653345369377348e-16,0.0
8,6,256,8,2048,1.0,1.057469259725935,0.00709779318254195,0.017097793182541947,0.030747331348623126,0.03109651870292695,0.0004632823328390417,6.843064239349817e-07,0.031095834396503014,0.06609182873287094,0.46522137362694677,0.23261068681347338,0.00013956467821448978,0.0,0,1.6653345369377348e-16,0.0
8,6,256,16,2048,1.0,1.057469259725935,0.00709779318254195,0.017097793182541947,0.015373665674311563,0.015650124464510515,0.0002767837531610457,0.0002913960657321573,0.015358728398778358,0.03304591436643547,0.46522137362694677,0.23261068681347338,-0.0018936437499378813,0.0,0,1.6653345369377348e-16,0.0
8,6,256,32,2048,1.0,1.057469259725935,0.00709779318254195,0.017097793182541947,0.0076868328371557815,0.007704851535063703,0.00017080223744565657,6.876952854688577e-05,0.007636082006516817,0.016522957183217734,0.46522137362694677,0.23261068681347338,-0.003251205195479377,0.0,0,1.6653345369377348e-16,0.0
8,6,256,64,2048,1.0,1.057469259725935,0.00709779318254195,0.017097793182541947,0.0038434164185778908,0.003613844598004501,0.00010792885010993382,-0.00011946596863881596,0.003733310566643316,0.008261478591608867,0.46522137362694677,0.23261068681347338,-0.0043477082012040565,0.0,-4,1.6653345369377348e-16,0.0
8,6,256,128,2048,1.0,1.057469259725935,0.00709779318254195,0.017097793182541947,0.0019217082092889454,0.0018391632351871321,7.291454333790336e-05,-0.00010005873966707581,0.0019392219748542076,0.0041307392958044335,0.46522137362694677,0.23261068681347338,-0.004017320253579979,0.0,-26,1.6653345369377348e-16,0.0
8,7,256,4,2048,1.0,1.0487133839986378,0.008618254413231368,0.018618254413231367,0.06066956534730416,0.05991240627155156,0.000735794994840295,-0.00047875831110317504,0.06039116458265474,0.13108917299982972,0.4628114127120397,0.23140570635601984,0.009029901729591318,0.0,0,1.6653345369377348e-16,1.734723475976807e-18
8,7,256,8,2048,1.0,1.0487133839986378,0.008618254413231368,0.018618254413231367,0.03033478267365208,0.030314639646112702,0.0004284957119618547,-3.5361294408726865e-05,0.030350000940521427,0.06554458649991486,0.4628114127120397,0.23140570635601984,-0.0001425895707921447,0.0,0,1.6653345369377348e-16,1.734723475976807e-18
8,7,256,16,2048,1.0,1.0487133839986378,0.008618254413231368,0.018618254413231367,0.01516739133682604,0.015040899897281395,0.0002450571825770563,-8.287297788188568e-05,0.01512377287516328,0.03277229324995743,0.4628114127120397,0.23140570635601984,-0.002352943309388131,0.0,0,1.6653345369377348e-16,1.734723475976807e-18
8,7,256,32,2048,1.0,1.0487133839986378,0.008618254413231368,0.018618254413231367,0.00758369566841302,0.007556455462873711,0.00013594534071235815,8.571568826621886e-06,0.007547883894047088,0.016386146624978715,0.4628114127120397,0.23140570635601984,-0.003753710847827517,0.0,0,1.6653345369377348e-16,1.734723475976807e-18
8,7,256,64,2048,1.0,1.0487133839986378,0.008618254413231368,0.018618254413231367,0.00379184783420651,0.003795517792903064,8.973557804711283e-05,2.3066453354571446e-05,0.003772451339548492,0.008193073312489358,0.4628114127120397,0.23140570635601984,-0.0043798185508613086,0.0,-3,1.6653345369377348e-16,1.734723475976807e-18
8,7,256,128,2048,1.0,1.0487133839986378,0.008618254413231368,0.018618254413231367,0.001895923917103255,0.0018813723999244302,5.674756156259863e-05,-3.217546923598508e-05,0.0019135478691604147,0.004096536656244679,0.4628114127120397,0.23140570635601984,-0.003864470477650688,0.0,-27,1.6653345369377348e-16,1.734723475976807e-18
32,0,256,4,2048,1.0,1.1827528040209683,0.021359366847116847,0.03135936684711685,0.06255129956030181,0.062128301235182246,0.0008522215896956144,3.780373324913528e-05,0.062090497501933115,0.14784410050262103,0.42308958793518364,0.21154479396759182,0.009054641823469121,0.0,0,1.1102230246251565e-16,0.0
32,0,256,8,2048,1.0,1.1827528040209683,0.021359366847116847,0.03135936684711685,0.031275649780150905,0.031392208029390765,0.0005590226844042605,-0.0001677263494057108,0.03155993437879648,0.07392205025131052,0.42308958793518364,0.21154479396759182,-0.0010806831572670664,0.0,0,1.1102230246251565e-16,0.0
32,0,256,16,2048,1.0,1.1827528040209683,0.021359366847116847,0.03135936684711685,0.015637824890075452,0.01554380368278028,0.0003376839200730852,7.799255199702041e-05,0.015465811130783259,0.03696102512565526,0.42308958793518364,0.21154479396759182,-0.006893414340347246,0.0,0,1.1102230246251565e-16,0.0
32,0,256,32,2048,1.0,1.1827528040209683,0.021359366847116847,0.03135936684711685,0.007818912445037726,0.00751049307769911,0.00022350049816061778,-0.0002561593377965699,0.00776665241549568,0.01848051256282763,0.42308958793518364,0.21154479396759182,-0.00829967536579183,0.0,0,1.1102230246251565e-16,0.0
32,0,256,64,2048,1.0,1.1827528040209683,0.021359366847116847,0.03135936684711685,0.003909456222518863,0.003589560418829189,0.00015105643635067776,-0.00026704427896816847,0.003856604697797357,0.009240256281413815,0.42308958793518364,0.21154479396759182,-0.008979662118874843,0.0,-3,1.1102230246251565e-16,0.0
32,0,256,128,2048,1.0,1.1827528040209683,0.021359366847116847,0.03135936684711685,0.0019547281112594315,0.0021768157422046757,0.00010971089741572218,0.0002152787676827516,0.001961536974521924,0.004620128140706907,0.42308958793518364,0.21154479396759182,-0.009085572589942664,0.0,-25,1.1102230246251565e-16,0.0
32,1,256,4,2048,1.0,1.1945061761609863,0.017525584924350295,0.027525584924350296,0.06174869525768542,0.06124687291369358,0.0007662534505333925,-0.00024773051959280665,0.06149460343328639,0.1493132720201233,0.41355128330027763,0.20677564165013881,0.012730534680925498,0.0,0,1.1102230246251565e-16,0.0
32,1,256,8,2048,1.0,1.1945061761609863,0.017525584924350295,0.027525584924350296,0.03087434762884271,0.03141822901303514,0.0004998150103062442,-0.0001604996564976565,0.031578728669532805,0.07465663601006164,0.41355128330027763,0.20677564165013881,0.00236166699450871,0.0,0,1.1102230246251565e-16,0.0
32,1,256,16,2048,1.0,1.1945061761609863,0.017525584924350295,0.027525584924350296,0.015437173814421355,0.015349085593823879,0.0003048245252380542,-0.00010716078318629297,0.015456246377010173,0.03732831800503082,0.41355128330027763,0.20677564165013881,-0.0038520850789209755,0.0,0,1.1102230246251565e-16,0.0
32,1,256,32,2048,1.0,1.1945061761609863,0.017525584924350295,0.027525584924350296,0.007718586907210678,0.00786344849018301,0.00020691188037078978,0.00010377870010741243,0.007759669790075601,0.01866415900251541,0.41355128330027763,0.20677564165013881,-0.00517711725947754,0.0,0,1.1102230246251565e-16,0.0
32,1,256,64,2048,1.0,1.1945061761609863,0.017525584924350295,0.027525584924350296,0.003859293453605339,0.0040017370394344045,0.0001422266619318711,6.719436171100061e-05,0.003934542677723405,0.009332079501257706,0.41355128330027763,0.20677564165013881,-0.0074044769989249064,0.0,-3,1.1102230246251565e-16,0.0
32,1,256,128,2048,1.0,1.1945061761609863,0.017525584924350295,0.027525584924350296,0.0019296467268026694,0.002039646540970305,9.621092485992587e-05,7.3119962662314e-05,0.0019665265783079923,0.004666039750628853,0.41355128330027763,0.20677564165013881,-0.00736232811304114,0.0,-23,1.1102230246251565e-16,0.0
32,2,256,4,2048,1.0,1.1694200542840865,0.016461153143331124,0.026461153143331126,0.061892218907942796,0.06269621433510723,0.0007048914109875066,-0.00016547952092397668,0.06286169385603121,0.1461775067855108,0.4234045324001763,0.21170226620008814,0.01753135971365221,0.0,0,1.3877787807814457e-16,0.0
32,2,256,8,2048,1.0,1.1694200542840865,0.016461153143331124,0.026461153143331126,0.030946109453971398,0.030229602673334133,0.0004055860815019469,-0.0003123528482565903,0.030541955521590725,0.0730887533927554,0.4234045324001763,0.21170226620008814,0.0029704146338846438,0.0,0,1.3877787807814457e-16,0.0
32,2,256,16,2048,1.0,1.1694200542840865,0.016461153143331124,0.026461153143331126,0.015473054726985699,0.015517488207538312,0.00023766792177482522,0.00011188372452310174,0.015405604483015213,0.0365443766963777,0.4234045324001763,0.21170226620008814,-0.0030226812616921776,0.0,0,1.3877787807814457e-16,0.0
32,2,256,32,2048,1.0,1.1694200542840865,0.016461153143331124,0.026461153143331126,0.0077365273634928495,0.007805822769632742,0.0001515010865149273,-3.518896740152686e-05,0.007841011737034269,0.01827218834818885,0.4234045324001763,0.21170226620008814,-0.00424789289447788,0.0,0,1.3877787807814457e-16,0.0
32,2,256,64,2048,1.0,1.1694200542840865,0.016461153143331124,0.026461153143331126,0.0038682636817464248,0.0038969473647984224,0.00010361769508437918,-3.748841572967707e-05,0.003934435780528101,0.009136094174094425,0.4234045324001763,0.21170226620008814,-0.004322763997475406,0.0,-2,1.3877787807814457e-16,0.0
32,2,256,128,2048,1.0,1.1694200542840865,0.016461153143331124,0.026461153143331126,0.0019341318408732124,0.0018146375239154883,6.690125773442721e-05,-0.0001287173004067506,0.0019433548243222402,0.004568047087047213,0.4234045324001763,0.21170226620008814,-0.0041728716665649195,0.0,-25,1.3877787807814457e-16,0.0
32,3,256,4,2048,1.0,1.1816192528195253,0.011272643806119392,0.021272643806119394,0.06231485814056059,0.06110778934110435,0.0005999775986071764,-0.00019504545989999512,0.06130283480100434,0.14770240660244066,0.4218946703305164,0.2109473351652582,0.020485059642869854,0.0,0,1.1102230246251565e-16,0.0
32,3,256,8,2048,1.0,1.1816192528195253,0.011272643806119392,0.021272643806119394,0.031157429070280296,0.03140458555514296,0.00034651166266647294,-0.0001150385224174064,0.03151962407756036,0.07385120330122033,0.4218946703305164,0.2109473351652582,0.00549435748271495,0.0,0,1.1102230246251565e-16,0.0
32,3,256,16,2048,1.0,1.1816192528195253,0.011272643806119392,0.021272643806119394,0.015578714535140148,0.01574121915340979,0.00019068328978432897,-1.094515953407735e-05,0.015752164312943868,0.036925601650610165,0.4218946703305164,0.2109473351652582,0.00200780005439102,0.0,0,1.1102230246251565e-16,0.0
32,3,256,32,2048,1.0,1.1816192528195253,0.011272643806119392,0.021272643806119394,0.007789357267570074,0.00762476123272232,0.0001067035355031377,2.3358961066895638e-05,0.007601402271655425,0.018462800825305083,0.4218946703305164,0.2109473351652582,-0.0012125987379472992,0.0,0,1.1102230246251565e-16,0.0
32,3,256,64,2048,1.0,1.1816192528195253,0.011272643806119392,0.021272643806119394,0.003894678633785037,0.00376738767619057,6.117627285795881e-05,-5.661286899554252e-05,0.0038240005451861143,0.009231400412652541,0.4218946703305164,0.2109473351652582,-0.001697224570989803,0.0,-3,1.1102230246251565e-16,0.0
32,3,256,128,2048,1.0,1.1816192528195253,0.011272643806119392,0.021272643806119394,0.0019473393168925185,0.001941377731651785,3.90082277931454e-05,-2.3423790566640265e-06,0.0019437201107084501,0.004615700206326271,0.4218946703305164,0.2109473351652582,-0.001888017485883936,0.0,-25,1.1102230246251565e-16,0.0
32,4,256,4,2048,1.0,1.1809301175331601,0.010498348836878661,0.020498348836878663,0.06230948884802698,0.06250982780841331,0.0006096394586327919,-7.79499883264308e-05,0.06258777779673975,0.14761626469164502,0.4221044949090468,0.2110522474545234,0.020458121436963406,0.0,0,9.71445146547012e-17,0.0
32,4,256,8,2048,1.0,1.1809301175331601,0.010498348836878661,0.020498348836878663,0.03115474442401349,0.030709059336911905,0.00031736456291490354,-6.165932376860322e-05,0.0307707186606805,0.07380813234582251,0.4221044949090468,0.2110522474545234,0.007787251297051767,0.0,0,9.71445146547012e-17,0.0
32,4,256,16,2048,1.0,1.1809301175331601,0.010498348836878661,0.020498348836878663,0.015577372212006745,0.01556421875953635,0.0001843380187906568,0.00015270059017832393,0.015411518169358023,0.036904066172911254,0.4221044949090468,0.2110522474545234,0.0017110205225444527,0.0,0,9.71445146547012e-17,0.0
32,4,256,32,2048,1.0,1.1809301175331601,0.010498348836878661,0.020498348836878663,0.007788686106003372,0.007773059300021852,0.00010199023279486533,5.246339829858266e-05,0.007720595901723268,0.018452033086455627,0.4221044949090468,0.2110522474545234,-0.00023370416796019908,0.0,0,9.71445146547012e-17,0.0
32,4,256,64,2048,1.0,1.1809301175331601,0.010498348836878661,0.020498348836878663,0.003894343053001686,0.003876731538210252,5.882352323407026e-05,-3.9570378112007344e-05,0.003916301916322258,0.009226016543227814,0.4221044949090468,0.2110522474545234,-0.001409732569189812,0.0,-2,9.71445146547012e-17,0.0
32,4,256,128,2048,1.0,1.1809301175331601,0.010498348836878661,0.020498348836878663,0.001947171526500843,0.0019037971282342438,3.755655749843584e-05,-7.092560340042777e-05,0.001974722731634671,0.004613008271613907,0.4221044949090468,0.2110522474545234,-0.0011919971257837551,0.0,-22,9.71445146547012e-17,0.0
32,5,256,4,2048,1.0,1.156579662653008,0.013636423832362611,0.023636423832362613,0.06182503612212658,0.062434655699750874,0.0006295414128132053,1.7326756676041828e-05,0.062417328943074835,0.144572457831626,0.42764048595016707,0.21382024297508354,0.01958636785487699,0.0,0,1.1102230246251565e-16,0.0
32,5,256,8,2048,1.0,1.156579662653008,0.013636423832362611,0.023636423832362613,0.03091251806106329,0.031302576140882346,0.000359562063830968,9.849925051595517e-05,0.031204076890366386,0.072286228915813,0.42764048595016707,0.21382024297508354,0.006871184062188021,0.0,0,1.1102230246251565e-16,0.0
32,5,256,16,2048,1.0,1.156579662653008,0.013636423832362611,0.023636423832362613,0.015456259030531645,0.015541063439507211,0.0001998358544880775,4.16845585941151e-05,0.015499378880913095,0.0361431144579065,0.42764048595016707,0.21382024297508354,0.000615278225650065,0.0,0,1.1102230246251565e-16,0.0
32,5,256,32,2048,1.0,1.156579662653008,0.013636423832362611,0.023636423832362613,0.0077281295152658224,0.007609888939035622,0.00011413877882582145,-6.015104334737349e-05,0.007670039982382996,0.01807155722895325,0.42764048595016707,0.21382024297508354,-0.001477471651260576,0.0,0,1.1102230246251565e-16,0.0
32,5,256,64,2048,1.0,1.156579662653008,0.013636423832362611,0.023636423832362613,0.0038640647576329112,0.0037914896848460842,6.636420944684683e-05,-2.9826067948919324e-05,0.003821315752795004,0.009035778614476625,0.42764048595016707,0.21382024297508354,-0.0024833604197445174,0.0,-3,1.1102230246251565e-16,0.0
32,5,256,128,2048,1.0,1.156579662653008,0.013636423832362611,0.023636423832362613,0.0019320323788164556,0.00187898351771997,4.393233883895155e-05,-2.8360912148272027e-05,0.0019073444298682426,0.004517889307238313,0.42764048595016707,0.21382024297508354,-0.0024115323022912624,0.0,-27,1.1102230246251565e-16,0.0
32,6,256,4,2048,1.0,1.1342210623345357,0.017971577498724564,0.027971577498724566,0.06146893837860673,0.06193808412241781,0.0008020499391237917,0.0004466139347979601,0.06149147018761986,0.14177763279181696,0.4335587861652784,0.2167793930826392,0.012971333340202434,0.0,0,1.1102230246251565e-16,0.0
32,6,256,8,2048,1.0,1.1342210623345357,0.017971577498724564,0.027971577498724566,0.030734469189303365,0.03099554518693836,0.0004835652969410875,0.00038448854825152295,0.030611056638686844,0.07088881639590848,0.4335587861652784,0.2167793930826392,0.002274568182356905,0.0,0,1.1102230246251565e-16,0.0
32,6,256,16,2048,1.0,1.1342210623345357,0.017971577498724564,0.027971577498724566,0.015367234594651683,0.01563493752817086,0.00031811088687432124,0.0001524100060224775,0.015482527522148385,0.03544440819795424,0.4335587861652784,0.2167793930826392,-0.004250929839771454,0.0,0,1.1102230246251565e-16,0.0
32,6,256,32,2048,1.0,1.1342210623345357,0.017971577498724564,0.027971577498724566,0.007683617297325841,0.007781786591728184,0.00020987500168466642,-1.7392709530317318e-05,0.007799179301258506,0.01772220409897712,0.4335587861652784,0.2167793930826392,-0.006055121223777776,0.0,0,1.1102230246251565e-16,0.0
32,6,256,64,2048,1.0,1.1342210623345357,0.017971577498724564,0.027971577498724566,0.0038418086486629206,0.0037200594367187635,0.00012861150806635818,-8.000198434490952e-05,0.0038000614210636765,0.00886110204948856,0.4335587861652784,0.2167793930826392,-0.00684464397671234,0.0,-2,1.1102230246251565e-16,0.0
32,6,256,128,2048,1.0,1.1342210623345357,0.017971577498724564,0.027971577498724566,0.0019209043243314603,0.002041604128698672,9.501146587533076e-05,0.00011861775768120693,0.0019229863710174691,0.00443055102474428,0.4335587861652784,0.2167793930826392,-0.0067777682998445225,0.0,-27,1.1102230246251565e-16,0.0
32,7,256,4,2048,1.0,1.1842306469832364,0.011267056059554338,0.02126705605955434,0.06241365780249255,0.06291015198051582,0.0006231732005721566,-9.121534593514648e-05,0.06300136732645095,0.14802883087290455,0.4216317688550822,0.2108158844275411,0.019029922728178793,0.0,0,1.1102230246251565e-16,0.0
32,7,256,8,2048,1.0,1.1842306469832364,0.011267056059554338,0.02126705605955434,0.031206828901246274,0.031318438486502204,0.00034492521323961883,4.820156912424268e-08,0.03131839028493308,0.07401441543645228,0.4216317688550822,0.2108158844275411,0.008760856344217742,0.0,0,1.1102230246251565e-16,0.0
32,7,256,16,2048,1.0,1.1842306469832364,0.011267056059554338,0.02126705605955434,0.015603414450623137,0.01564727096326103,0.00018601742199308936,-1.973058599991206e-05,0.015667001549260942,0.03700720771822614,0.4216317688550822,0.2108158844275411,0.002435251871316709,0.0,0,1.1102230246251565e-16,0.0
32,7,256,32,2048,1.0,1.1842306469832364,0.011267056059554338,0.02126705605955434,0.007801707225311569,0.007784981235899042,0.00010148039696639553,-3.6970802204180864e-05,0.007821952038103222,0.01850360385911307,0.4216317688550822,0.2108158844275411,-0.00029965792878529005,0.0,0,1.1102230246251565e-16,0.0
32,7,256,64,2048,1.0,1.1842306469832364,0.011267056059554338,0.02126705605955434,0.0039008536126557843,0.0038677877427896225,5.9058298390226254e-05,-2.9704484217365273e-05,0.0038974922270069872,0.009251801929556535,0.4216317688550822,0.2108158844275411,-0.0009313245906185444,0.0,-4,1.1102230246251565e-16,0.0
32,7,256,128,2048,1.0,1.1842306469832364,0.011267056059554338,0.02126705605955434,0.0019504268063278922,0.0019451349689266243,3.6310827246401876e-05,-2.820752693493034e-05,0.001973342495861554,0.004625900964778267,0.4216317688550822,0.2108158844275411,-0.002091512633584546,0.0,-24,1.1102230246251565e-16,0.0
128,0,256,4,2048,1.0,1.3668437746487456,0.012268025430797014,0.022268025430797013,0.06182050554337122,0.06181127749956508,0.0005706433614434314,-7.127904295644968e-05,0.06188255654252153,0.1708554718310932,0.36182924012223994,0.18091462006111997,0.030647572186828672,0.0,0,1.2836953722228372e-16,0.0
128,0,256,8,2048,1.0,1.3668437746487456,0.012268025430797014,0.022268025430797013,0.03091025277168561,0.031003824006769223,0.0003178902283097299,2.5209934977700665e-05,0.03097861407179152,0.0854277359155466,0.36182924012223994,0.18091462006111997,0.013585344743838431,0.0,0,1.2836953722228372e-16,0.0
128,0,256,16,2048,1.0,1.3668437746487456,0.012268025430797014,0.022268025430797013,0.015455126385842805,0.01535164596490433,0.00015667620196710476,1.485292273948357e-06,0.015350160672630382,0.0427138679577733,0.36182924012223994,0.18091462006111997,0.00621853375162074,0.0,0,1.2836953722228372e-16,0.0
128,0,256,32,2048,1.0,1.3668437746487456,0.012268025430797014,0.022268025430797013,0.007727563192921403,0.0076427093168564076,8.731190990207584e-05,-7.868230960074955e-05,0.007721391626457156,0.02135693397888665,0.36182924012223994,0.18091462006111997,0.0025177205819669635,0.0,0,1.2836953722228372e-16,0.0
128,0,256,64,2048,1.0,1.3668437746487456,0.012268025430797014,0.022268025430797013,0.0038637815964607013,0.0039015858095640087,4.81398173639959e-05,3.728228629144461e-05,0.0038643035232725637,0.010678466989443325,0.36182924012223994,0.18091462006111997,0.0006413042191284832,0.0,-2,1.2836953722228372e-16,0.0
128,0,256,128,2048,1.0,1.3668437746487456,0.012268025430797014,0.022268025430797013,0.0019318907982303507,0.001963632398221317,2.6324564881368322e-05,2.128634015687664e-05,0.00194234605806444,0.005339233494721663,0.36182924012223994,0.18091462006111997,0.00012413022722933612,0.0,-25,1.2836953722228372e-16,0.0
128,1,256,4,2048,1.0,1.3868201425378366,0.01577621654722554,0.02577621654722554,0.061964617234494444,0.06089384465382329,0.0006454636537369908,-0.00017996906202411066,0.0610738137158474,0.17335251781722957,0.35744861404219974,0.17872430702109987,0.031041028602703656,0.0,0,1.3530843112619095e-16,0.0
128,1,256,8,2048,1.0,1.3868201425378366,0.01577621654722554,0.02577621654722554,0.030982308617247222,0.030807685682289726,0.00036651508248796626,-6.642217227686542e-05,0.030874107854566592,0.08667625890861479,0.35744861404219974,0.17872430702109987,0.010710511549376394,0.0,0,1.3530843112619095e-16,0.0
128,1,256,16,2048,1.0,1.3868201425378366,0.01577621654722554,0.02577621654722554,0.015491154308623611,0.01568614706755659,0.00023422842332380023,8.983626008277187e-05,0.015596310807473819,0.04333812945430739,0.35744861404219974,0.17872430702109987,0.003339145431956611,0.0,0,1.3530843112619095e-16,0.0
128,1,256,32,2048,1.0,1.3868201425378366,0.01577621654722554,0.02577621654722554,0.0077455771543118055,0.0075774079675814555,0.00014279706612115356,-0.00013602861185657726,0.007713436579438034,0.021669064727153697,0.35744861404219974,0.17872430702109987,3.6103277682775214e-05,0.0,0,1.3530843112619095e-16,0.0
128,1,256,64,2048,1.0,1.3868201425378366,0.01577621654722554,0.02577621654722554,0.0038727885771559028,0.004049014515514484,9.736020382856442e-05,6.343352688456484e-05,0.003985580988629921,0.010834532363576848,0.35744861404219974,0.17872430702109987,-0.0020336161123106627,0.0,-3,1.3530843112619095e-16,0.0
128,1,256,128,2048,1.0,1.3868201425378366,0.01577621654722554,0.02577621654722554,0.0019363942885779514,0.0019930100196609516,6.27465659021299e-05,4.67033534903353e-05,0.0019463066661706183,0.005417266181788424,0.35744861404219974,0.17872430702109987,-0.0021708297433822576,0.0,-25,1.3530843112619095e-16,0.0
128,2,256,4,2048,1.0,1.3775597933795192,0.015499949603781083,0.02549994960378108,0.062182016358860816,0.06314572878468697,0.0006548016020669722,-0.00026426316373134124,0.06340999194841829,0.1721949741724399,0.36111400264557286,0.18055700132278643,0.029329970241545152,0.0,0,1.3183898417423734e-16,1.734723475976807e-18
128,2,256,8,2048,1.0,1.3775597933795192,0.015499949603781083,0.02549994960378108,0.031091008179430408,0.031059081516128424,0.0003693519938028878,-0.00010844497635246576,0.031167526492480887,0.08609748708621995,0.36111400264557286,0.18055700132278643,0.009684973616647625,0.0,0,1.3183898417423734e-16,1.734723475976807e-18
128,2,256,16,2048,1.0,1.3775597933795192,0.015499949603781083,0.02549994960378108,0.015545504089715204,0.015327980387823698,0.0001952603905451775,-0.00011402949008914302,0.015442009877912843,0.043048743543109974,0.36111400264557286,0.18055700132278643,0.004212633680396764,0.0,0,1.3183898417423734e-16,1.734723475976807e-18
128,2,256,32,2048,1.0,1.3775597933795192,0.015499949603781083,0.02549994960378108,0.007772752044857602,0.007709920157806038,0.00012085457428353287,-1.124016250536517e-05,0.007721160320311401,0.021524371771554987,0.36111400264557286,0.18055700132278643,0.0006503345199112311,0.0,0,1.3183898417423734e-16,1.734723475976807e-18
128,2,256,64,2048,1.0,1.3775597933795192,0.015499949603781083,0.02549994960378108,0.003886376022428801,0.003895932714436841,7.945685979450135e-05,-7.22514232464692e-06,0.0039031578567614877,0.010762185885777494,0.36111400264557286,0.18055700132278643,-0.0007733729158358998,0.0,-1,1.3183898417423734e-16,1.734723475976807e-18
128,2,256,128,2048,1.0,1.3775597933795192,0.015499949603781083,0.02549994960378108,0.0019431880112144005,0.0019354921550208603,5.084496641023335e-05,-8.465417300500264e-06,0.00194395757232136,0.005381092942888747,0.36111400264557286,0.18055700132278643,-0.0014410062250472516,0.0,-25,1.3183898417423734e-16,1.734723475976807e-18
128,3,256,4,2048,1.0,1.3781185994263976,0.025489959275650086,0.03548995927565009,0.06113625398103383,0.06292374248189866,0.0009779703229540518,0.0012121044147646357,0.061711638067134034,0.1722648249282997,0.354896909490838,0.177448454745419,0.020369247839182605,0.0,0,1.6653345369377348e-16,0.0
128,3,256,8,2048,1.0,1.3781185994263976,0.025489959275650086,0.03548995927565009,0.030568126990516916,0.03147901586930017,0.00059536916267259,0.0009148651061258208,0.030564150763174362,0.08613241246414985,0.354896909490838,0.177448454745419,0.002291965816871598,0.0,0,1.6653345369377348e-16,0.0
128,3,256,16,2048,1.0,1.3781185994263976,0.025489959275650086,0.03548995927565009,0.015284063495258458,0.014639952194138982,0.0003743823680234014,-0.0005701836812765707,0.015210135875415556,0.043066206232074924,0.354896909490838,0.177448454745419,-0.005042288878064467,0.0,0,1.6653345369377348e-16,0.0
128,3,256,32,2048,1.0,1.3781185994263976,0.025489959275650086,0.03548995927565009,0.007642031747629229,0.007636440080835439,0.00025159289938265193,8.981142105828855e-06,0.007627458938729612,0.021533103116037462,0.354896909490838,0.177448454745419,-0.008286819631681333,0.0,0,1.6653345369377348e-16,0.0
128,3,256,64,2048,1.0,1.3781185994263976,0.025489959275650086,0.03548995927565009,0.0038210158738146145,0.003942469345276851,0.00017970091687914602,4.1043507976656846e-05,0.0039014258373001967,0.010766551558018731,0.354896909490838,0.177448454745419,-0.009308993323995398,0.0,-3,1.6653345369377348e-16,0.0
128,3,256,128,2048,1.0,1.3781185994263976,0.025489959275650086,0.03548995927565009,0.0019105079369073073,0.001975626824962414,0.00012166324929064752,2.1831189313237075e-05,0.0019537956356491795,0.0053832757790093656,0.354896909490838,0.177448454745419,-0.010233670842277583,0.0,-21,1.6653345369377348e-16,0.0
128,4,256,4,2048,1.0,1.3663316342576681,0.014808521791673709,0.02480852179167371,0.06178762612945935,0.061496760397332526,0.0005962468393396359,5.328042721930567e-06,0.061491432354610596,0.17079145428220852,0.36177235207192576,0.18088617603596288,0.031228825923020502,0.0,0,1.491862189340054e-16,0.0
128,4,256,8,2048,1.0,1.3663316342576681,0.014808521791673709,0.02480852179167371,0.030893813064729676,0.03115798963402113,0.0003639101406761339,0.00032662773609993276,0.030831361897921204,0.08539572714110426,0.36177235207192576,0.18088617603596288,0.012637633378056989,0.0,0,1.491862189340054e-16,0.0
128,4,256,16,2048,1.0,1.3663316342576681,0.014808521791673709,0.02480852179167371,0.015446906532364838,0.01529342659079196,0.00019317829577330186,-7.844886327216109e-05,0.015371875454064123,0.04269786357055213,0.36177235207192576,0.18088617603596288,0.004636173141616644,0.0,0,1.491862189340054e-16,0.0
128,4,256,32,2048,1.0,1.3663316342576681,0.014808521791673709,0.02480852179167371,0.007723453266182419,0.007866513100344929,0.00012610869232549537,2.817003588869946e-05,0.007838343064456231,0.021348931785276064,0.36177235207192576,0.18088617603596288,0.0012260287640575244,0.0,0,1.491862189340054e-16,0.0
128,4,256,64,2048,1.0,1.3663316342576681,0.014808521791673709,0.02480852179167371,0.0038617266330912095,0.0038590420203976437,7.353086969562951e-05,2.6939008744362386e-05,0.003832103011653282,0.010674465892638032,0.36177235207192576,0.18088617603596288,-0.00037599375690992344,0.0,-3,1.491862189340054e-16,0.0
128,4,256,128,2048,1.0,1.3663316342576681,0.014808521791673709,0.02480852179167371,0.0019308633165456047,0.0019437277983920765,4.906169271242311e-05,-1.4578967302093583e-05,0.001958306765694171,0.005337232946319016,0.36177235207192576,0.18088617603596288,-0.0011617049256434,0.0,-24,1.491862189340054e-16,0.0
128,5,256,4,2048,1.0,1.3733481936822984,0.013009165851840754,0.023009165851840756,0.06185716273697009,0.06411551562627399,0.0006700571590639168,0.0003968131878945925,0.0637187024383794,0.1716685242102873,0.36032908782507767,0.18016454391253883,0.031598541756411636,0.0,0,1.3877787807814457e-16,0.0
128,5,256,8,2048,1.0,1.3733481936822984,0.013009165851840754,0.023009165851840756,0.030928581368485045,0.031248116497565842,0.00035069091826898577,9.963424636589894e-05,0.031148482251199944,0.08583426210514365,0.36032908782507767,0.18016454391253883,0.01253140136084194,0.0,0,1.3877787807814457e-16,0.0
128,5,256,16,2048,1.0,1.3733481936822984,0.013009165851840754,0.023009165851840756,0.015464290684242522,0.01534071254859444,0.00019510952266286693,-0.00010427968422367136,0.015444992232818111,0.042917131052571826,0.36032908782507767,0.18016454391253883,0.004997041025457425,0.0,0,1.3877787807814457e-16,0.0
128,5,256,32,2048,1.0,1.3733481936822984,0.013009165851840754,0.023009165851840756,0.007732145342121261,0.007707025188536139,0.0001136618189776274,-4.775868091271261e-05,0.007754783869448851,0.021458565526285913,0.36032908782507767,0.18016454391253883,0.0008447917480761801,0.0,0,1.3877787807814457e-16,0.0
128,5,256,64,2048,1.0,1.3733481936822984,0.013009165851840754,0.023009165851840756,0.0038660726710606306,0.003800072511495456,7.104516521128222e-05,-8.00380017571194e-05,0.003880110513252575,0.010729282763142957,0.36032908782507767,0.18016454391253883,-0.00026651912301335623,0.0,-2,1.3877787807814457e-16,0.0
128,5,256,128,2048,1.0,1.3733481936822984,0.013009165851840754,0.023009165851840756,0.0019330363355303153,0.0019081463718207447,4.566280197493577e-05,1.5567168584167136e-05,0.001892579203236577,0.005364641381571478,0.36032908782507767,0.18016454391253883,-0.0011251716844374385,0.0,-26,1.3877787807814457e-16,0.0
128,6,256,4,2048,1.0,1.3640849970654785,0.01979970615148814,0.029799706151488144,0.06202264516832835,0.062196632375594155,0.0007703051962829527,-0.00017479655221317537,0.062371428927807344,0.1705106246331848,0.36374651316747036,0.18187325658373518,0.026156959596578044,0.0,0,1.3877787807814457e-16,0.0
128,6,256,8,2048,1.0,1.3640849970654785,0.01979970615148814,0.029799706151488144,0.031011322584164176,0.030774141124630443,0.00045699912211433826,-0.00042956114907499656,0.03120370227370544,0.0852553123165924,0.36374651316747036,0.18187325658373518,0.008918051598603233,0.0,0,1.3877787807814457e-16,0.0
128,6,256,16,2048,1.0,1.3640849970654785,0.01979970615148814,0.029799706151488144,0.015505661292082088,0.015170475685802886,0.0002812212937200728,-0.0001620846738531861,0.015332560359656073,0.0426276561582962,0.36374651316747036,0.18187325658373518,4.075144313568993e-05,0.0,0,1.3877787807814457e-16,0.0
128,6,256,32,2048,1.0,1.3640849970654785,0.01979970615148814,0.029799706151488144,0.007752830646041044,0.00786832216763763,0.00018073372646403986,9.450518313700257e-05,0.007773816984500629,0.0213138280791481,0.36374651316747036,0.18187325658373518,-0.0023829183763734336,0.0,0,1.3877787807814457e-16,0.0
128,6,256,64,2048,1.0,1.3640849970654785,0.01979970615148814,0.029799706151488144,0.003876415323020522,0.003804215162273356,0.0001216627634225803,-6.55287763315205e-05,0.0038697439386048776,0.01065691403957405,0.36374651316747036,0.18187325658373518,-0.0042538999664478855,0.0,-1,1.3877787807814457e-16,0.0
128,6,256,128,2048,1.0,1.3640849970654785,0.01979970615148814,0.029799706151488144,0.001938207661510261,0.001965684661514874,8.602469361202364e-05,1.0643834482592015e-05,0.0019550408270322837,0.005328457019787025,0.36374651316747036,0.18187325658373518,-0.004467189492742132,0.0,-25,1.3877787807814457e-16,0.0
128,7,256,4,2048,1.0,1.391514154260629,0.020144668452521254,0.030144668452521256,0.06151822976191948,0.05960446051215855,0.0007534770391931934,-0.0004414692035206099,0.06004592971567915,0.17393926928257863,0.3536764872915389,0.17683824364576944,0.022759823594532685,0.0,0,1.6653345369377348e-16,0.0
128,7,256,8,2048,1.0,1.391514154260629,0.020144668452521254,0.030144668452521256,0.03075911488095974,0.031445708396837885,0.0005177486377661084,0.0003082236362072281,0.031137484760630656,0.08696963464128932,0.3536764872915389,0.17683824364576944,0.006058199106460764,0.0,0,1.6653345369377348e-16,0.0
128,7,256,16,2048,1.0,1.391514154260629,0.020144668452521254,0.030144668452521256,0.01537955744047987,0.015399450821238073,0.0003193598097056524,-0.00011326974888644918,0.015512720570124521,0.04348481732064466,0.3536764872915389,0.17683824364576944,-0.0006360213343453783,0.0,0,1.6653345369377348e-16,0.0
128,7,256,32,2048,1.0,1.391514154260629,0.020144668452521254,0.030144668452521256,0.007689778720239935,0.007845855737830799,0.00021135477876586226,2.6730148051780277e-05,0.007819125589779017,0.02174240866032233,0.3536764872915389,0.17683824364576944,-0.004044407280911343,0.0,0,1.6653345369377348e-16,0.0
128,7,256,64,2048,1.0,1.391514154260629,0.020144668452521254,0.030144668452521256,0.0038448893601199675,0.003774083799190351,0.0001402785860146418,-5.7857384772043124e-05,0.0038319411839623932,0.010871204330161165,0.3536764872915389,0.17683824364576944,-0.005811857434559803,0.0,-2,1.6653345369377348e-16,0.0
128,7,256,128,2048,1.0,1.391514154260629,0.020144668452521254,0.030144668452521256,0.0019224446800599837,0.0017915483222198099,9.568596754083422e-05,-0.00011686801190364774,0.001908416334123457,0.005435602165080582,0.3536764872915389,0.17683824364576944,-0.006355275685792625,0.0,-25,1.6653345369377348e-16,0.0
