width,percentile,threshold,pair,gap,barrier,hit_max_depth,loss_a_total,loss_b_total,loss_a_data,loss_b_data,loss_a_l1,loss_b_l1
20,pairwise,0.045301444828510284,0,1.6692578792575075e-05,0.04531813740730286,True,0.045301444828510284,0.04367433488368988,0.041290927678346634,0.03777967393398285,0.0040105171501636505,0.005894660949707031
20,pairwise,0.04563608765602112,1,1.4807949773966433e-05,0.045650895605795085,True,0.04563608765602112,0.042623117566108704,0.04160450026392937,0.03775788098573685,0.004031587392091751,0.004865236580371857
20,pairwise,0.04631417244672775,2,3.3788382994281996e-09,0.04631417582556605,True,0.04631417244672775,0.04361143335700035,0.042372025549411774,0.03854412958025932,0.003942146897315979,0.005067303776741028
20,pairwise,0.056828368455171585,3,1.093180477618888e-05,0.056839300259947774,True,0.056828368455171585,0.05158060044050217,0.05397188663482666,0.04830265790224075,0.002856481820344925,0.0032779425382614136
20,pairwise,0.049809034913778305,4,1.5795230887127865e-09,0.049809036493301394,True,0.04481179639697075,0.049809034913778305,0.03997509926557541,0.04623428359627724,0.00483669713139534,0.003574751317501068
20,pairwise,0.04707054793834686,5,5.516279488802095e-05,0.047125710733234884,True,0.0443650484085083,0.04707054793834686,0.03982655331492424,0.042312201112508774,0.004538495093584061,0.004758346825838089
20,pairwise,0.04683684557676315,6,1.1324882490115762e-09,0.0468368467092514,True,0.04683684557676315,0.044950880110263824,0.04262822866439819,0.04078003391623497,0.00420861691236496,0.004170846194028854
20,pairwise,0.04924473911523819,7,3.0058369040492083e-05,0.04927479748427868,True,0.04924473911523819,0.04609813913702965,0.04547346010804176,0.04216904938220978,0.0037712790071964264,0.00392908975481987
20,pairwise,0.05285753309726715,8,0.0005544063746929159,0.05341193947196007,True,0.049881596118211746,0.05285753309726715,0.04625615105032921,0.049379896372556686,0.003625445067882538,0.0034776367247104645
20,pairwise,0.05232800170779228,9,5.14835118980983e-09,0.05232800685614347,True,0.04754314944148064,0.05232800170779228,0.043354105204343796,0.04900815337896347,0.004189044237136841,0.0033198483288288116
20,pairwise,0.050380971282720566,10,4.2095780333761823e-10,0.05038097170367837,True,0.04833601415157318,0.050380971282720566,0.04433634504675865,0.0472041517496109,0.003999669104814529,0.003176819533109665
20,pairwise,0.04657934978604317,11,3.722496332014824e-09,0.0465793535085395,True,0.045728910714387894,0.04657934978604317,0.04066918417811394,0.04272262006998062,0.005059726536273956,0.0038567297160625458
20,pairwise,0.04583841934800148,12,1.864075660705511e-05,0.045857060104608535,True,0.04583841934800148,0.04327620565891266,0.041478414088487625,0.03785046562552452,0.004360005259513855,0.005425740033388138
20,pairwise,0.054365694522857666,13,1.653470098963994e-07,0.05436585986986756,True,0.050833240151405334,0.054365694522857666,0.047212108969688416,0.051465652883052826,0.003621131181716919,0.00290004163980484
20,pairwise,0.048704445362091064,14,2.8796717524530446e-05,0.048733242079615595,True,0.04560452699661255,0.048704445362091064,0.041419435292482376,0.04528838396072388,0.004185091704130173,0.0034160614013671875
20,pairwise,0.04585255682468414,15,9.08970829160971e-10,0.04585255773365497,True,0.04585255682468414,0.04396975040435791,0.041763149201869965,0.039621684700250626,0.0040894076228141785,0.0043480657041072845
20,pairwise,0.05144893750548363,16,8.534771390258933e-05,0.05153428521938622,True,0.050083935260772705,0.05144893750548363,0.0462045855820179,0.04791632667183876,0.0038793496787548065,0.003532610833644867
20,pairwise,0.04635649919509888,17,1.5050172774699888e-09,0.046356500700116154,True,0.04635649919509888,0.04536662623286247,0.04235314205288887,0.04098798707127571,0.004003357142210007,0.0043786391615867615
20,pairwise,0.04825151711702347,18,6.6721737384811686e-06,0.04825818929076195,True,0.04825151711702347,0.043449047952890396,0.04473097622394562,0.03729329630732536,0.0035205408930778503,0.006155751645565033
20,pairwise,0.04859279841184616,19,1.9371509951682242e-10,0.04859279860556126,True,0.042216405272483826,0.04859279841184616,0.03676335886120796,0.043896034359931946,0.005453046411275864,0.004696764051914215
20,pairwise,0.06274284422397614,20,8.19563861220729e-11,0.06274284430593252,True,0.044910501688718796,0.06274284422397614,0.03975427895784378,0.05991428345441818,0.005156222730875015,0.002828560769557953
20,pairwise,0.04596453160047531,21,2.5325566530218224e-06,0.04596706415712833,True,0.04596453160047531,0.04236718639731407,0.041214775294065475,0.03703078627586365,0.004749756306409836,0.005336400121450424
20,pairwise,0.053007788956165314,22,3.866851332190446e-09,0.053007792823016646,True,0.053007788956165314,0.04821844398975372,0.04960542544722557,0.04462127760052681,0.003402363508939743,0.0035971663892269135
20,pairwise,0.05035007745027542,23,4.625695198774704e-05,0.05039633440226317,True,0.050095416605472565,0.05035007745027542,0.046554092317819595,0.04687852784991264,0.0035413242876529694,0.0034715496003627777
20,pairwise,0.0479426346719265,24,5.731672048571446e-06,0.04794836634397507,True,0.0479426346719265,0.04769432172179222,0.04357726871967316,0.0435139425098896,0.004365365952253342,0.004180379211902618
20,pairwise,0.04823661595582962,25,0.00010801704227924452,0.048344632998108865,True,0.04823661595582962,0.04784803465008736,0.04456784948706627,0.04379836097359657,0.0036687664687633514,0.004049673676490784
20,pairwise,0.04781418666243553,26,6.485117599368262e-05,0.047879037838429214,True,0.04609813913702965,0.04781418666243553,0.04216904938220978,0.043051451444625854,0.00392908975481987,0.004762735217809677
20,pairwise,0.048408932983875275,27,2.980232033378272e-11,0.048408933013677595,True,0.048201363533735275,0.048408932983875275,0.04434613138437271,0.04406164959073067,0.003855232149362564,0.0043472833931446075
20,pairwise,0.04972429946064949,28,5.811452846726795e-10,0.049724300041794775,True,0.04972429946064949,0.044894732534885406,0.04580299183726311,0.04007619246840477,0.003921307623386383,0.004818540066480637
20,pairwise,0.048345573246479034,29,1.6763806315323038e-09,0.048345574922859666,True,0.048345573246479034,0.044085320085287094,0.04448890686035156,0.03834914043545723,0.003856666386127472,0.0057361796498298645
20,pairwise,0.04803307354450226,30,0.00027556759119033714,0.048308641135692595,True,0.04803307354450226,0.04330796003341675,0.04408489167690277,0.03856389969587326,0.003948181867599487,0.0047440603375434875
20,pairwise,0.05430830642580986,31,4.1723251242853365e-10,0.05430830684304237,True,0.04533166438341141,0.05430830642580986,0.04116959124803543,0.05089579522609711,0.0041620731353759766,0.0034125111997127533
20,pairwise,0.05927165225148201,32,1.3113021848920603e-09,0.059271653562784195,True,0.05927165225148201,0.047271791845560074,0.05623691529035568,0.04340796545147896,0.0030347369611263275,0.0038638263940811157
20,pairwise,0.05781230330467224,33,1.134700139404643e-09,0.05781230443937238,True,0.05781230330467224,0.04739609733223915,0.05513700470328331,0.04355943202972412,0.0026752986013889313,0.00383666530251503
20,pairwise,0.04366731271147728,34,1.1704435572031102e-05,0.04367901714704931,True,0.04336611181497574,0.04366731271147728,0.03864967077970505,0.03861963003873825,0.004716441035270691,0.005047682672739029
20,pairwise,0.04852084070444107,35,3.180220723153493e-06,0.048524020925164224,True,0.042801979929208755,0.04852084070444107,0.03753432631492615,0.04455416649580002,0.005267653614282608,0.003966674208641052
20,pairwise,0.04823661595582962,36,3.631893172860445e-05,0.048272934887558225,True,0.04823661595582962,0.04307930916547775,0.04456784948706627,0.0375937893986702,0.0036687664687633514,0.005485519766807556
20,pairwise,0.0444645918905735,37,4.5689456164843545e-06,0.044469160836189986,True,0.04341982305049896,0.0444645918905735,0.03817521780729294,0.039283156394958496,0.005244605243206024,0.0051814354956150055
20,pairwise,0.04802335798740387,38,2.1979212755374178e-09,0.048023360185325145,True,0.04802335798740387,0.04560317099094391,0.04454035684466362,0.04147031158208847,0.0034830011427402496,0.004132859408855438
20,pairwise,0.04539423808455467,39,2.4139881135698538e-09,0.045394240498542786,True,0.04287872835993767,0.04539423808455467,0.0372634194791317,0.04083751514554024,0.005615308880805969,0.004556722939014435
20,pairwise,0.049881596118211746,40,7.1860849840121865e-09,0.04988160330429673,True,0.049881596118211746,0.04299725219607353,0.04625615105032921,0.03786887601017952,0.003625445067882538,0.0051283761858940125
20,pairwise,0.04876784235239029,41,1.1995434784362047e-09,0.04876784355193377,True,0.04876784235239029,0.04742434248328209,0.04525021091103554,0.0432606115937233,0.0035176314413547516,0.004163730889558792
20,pairwise,0.04480687528848648,42,7.977992296218789e-05,0.04488665521144867,True,0.04480687528848648,0.04328717291355133,0.04026680439710617,0.038342513144016266,0.00454007089138031,0.004944659769535065
20,pairwise,0.05064835026860237,43,1.490116086078075e-10,0.05064835041761398,True,0.05064835026860237,0.041396141052246094,0.04699321463704109,0.03606489673256874,0.0036551356315612793,0.005331244319677353
20,pairwise,0.05953461304306984,44,6.519258050063925e-10,0.059534613694995644,True,0.05953461304306984,0.0522708036005497,0.05685294419527054,0.0486183725297451,0.002681668847799301,0.003652431070804596
20,pairwise,0.05715223401784897,45,2.495944492753033e-10,0.05715223426744342,True,0.04750736430287361,0.05715223401784897,0.04358215257525444,0.0544721819460392,0.003925211727619171,0.0026800520718097687
20,pairwise,0.04207691177725792,46,2.980232033378272e-11,0.04207691180706024,True,0.041396141052246094,0.04207691177725792,0.03606489673256874,0.036193929612636566,0.005331244319677353,0.005882982164621353
20,pairwise,0.05953461304306984,47,4.3772161034683066e-09,0.05953461742028594,True,0.04648952931165695,0.05953461304306984,0.04193035140633583,0.05685294419527054,0.004559177905321121,0.002681668847799301
20,pairwise,0.04459333419799805,48,2.262394130229939e-05,0.044615958139300346,True,0.037863947451114655,0.04459333419799805,0.031094936653971672,0.04024971276521683,0.0067690107971429825,0.0043436214327812195
20,pairwise,0.05281669646501541,49,1.3783574073777949e-09,0.05281669784337282,True,0.05281669646501541,0.04481179639697075,0.04959837719798088,0.03997509926557541,0.0032183192670345306,0.00483669713139534
20,pairwise,0.05205446109175682,50,3.457069394641188e-09,0.052054464548826215,True,0.05205446109175682,0.043548960238695145,0.048283565789461136,0.038701046258211136,0.003770895302295685,0.004847913980484009
20,pairwise,0.043648913502693176,51,1.4362566173077573e-05,0.043663276068866254,True,0.043648913502693176,0.043531402945518494,0.03880121931433678,0.03906617313623428,0.0048476941883563995,0.00446522980928421
20,pairwise,0.04593883082270622,52,3.494919836521254e-05,0.045973780021071435,True,0.044624920934438705,0.04593883082270622,0.04011445865035057,0.04200970381498337,0.004510462284088135,0.003929127007722855
20,pairwise,0.04584747925400734,53,5.3048133871747005e-09,0.04584748455882073,True,0.043891698122024536,0.04584747925400734,0.038932498544454575,0.04088255390524864,0.0049591995775699615,0.0049649253487586975
20,pairwise,0.050879545509815216,54,1.3634562506803505e-09,0.05087954687327147,True,0.04569854214787483,0.050879545509815216,0.04038801044225693,0.046380795538425446,0.005310531705617905,0.0044987499713897705
20,pairwise,0.06351245194673538,55,0.00022703859210014554,0.06373949053883553,True,0.045214392244815826,0.06351245194673538,0.040831614285707474,0.060798730701208115,0.004382777959108353,0.0027137212455272675
20,pairwise,0.05637240782380104,56,3.546357154847468e-06,0.05637595418095589,True,0.04536307975649834,0.05637240782380104,0.04107137769460678,0.053238287568092346,0.004291702061891556,0.0031341202557086945
20,pairwise,0.05792061239480972,57,0.00016833353042602223,0.058088945925235745,True,0.05792061239480972,0.04569854214787483,0.055494822561740875,0.04038801044225693,0.0024257898330688477,0.005310531705617905
20,pairwise,0.048010826110839844,58,1.5199184411063271e-09,0.048010827630758285,True,0.048010826110839844,0.04236718639731407,0.04395391792058945,0.03703078627586365,0.004056908190250397,0.005336400121450424
20,pairwise,0.04634948447346687,59,2.9155369848030133e-06,0.046352400010451676,True,0.04634948447346687,0.04479549452662468,0.04250685125589371,0.03991450369358063,0.003842633217573166,0.004880990833044052
20,pairwise,0.04891524091362953,60,3.129243877908472e-10,0.04891524122655392,True,0.04891524091362953,0.043023936450481415,0.04513629153370857,0.03852938860654831,0.0037789493799209595,0.0044945478439331055
20,pairwise,0.043883875012397766,61,6.579819321632374e-05,0.04394967320561409,True,0.043883875012397766,0.043291639536619186,0.039444949477910995,0.037691183388233185,0.004438925534486771,0.005600456148386002
20,pairwise,0.048567019402980804,62,1.430511473166085e-09,0.04856702083349228,True,0.045460719615221024,0.048567019402980804,0.04067825525999069,0.044817496091127396,0.004782464355230331,0.003749523311853409
20,pairwise,0.05446378514170647,63,3.844499586735939e-09,0.05446378898620605,True,0.04293921962380409,0.05446378514170647,0.03792873024940491,0.05154222995042801,0.005010489374399185,0.0029215551912784576
20,pairwise,0.04976622760295868,64,5.5631577968597024e-05,0.049821859180927276,True,0.04976622760295868,0.042071737349033356,0.04669736698269844,0.03741077706217766,0.0030688606202602386,0.004660960286855698
20,pairwise,0.046083658933639526,65,7.586188614368272e-05,0.04615952081978321,True,0.046083658933639526,0.04577498137950897,0.04176630079746246,0.041201818734407425,0.004317358136177063,0.004573162645101547
20,pairwise,0.052870962768793106,66,3.0357889831064688e-05,0.05290132065862417,True,0.05210515484213829,0.052870962768793106,0.04864810034632683,0.049576155841350555,0.0034570544958114624,0.0032948069274425507
20,pairwise,0.0502367839217186,67,4.410743714711174e-09,0.05023678833246231,True,0.04766800254583359,0.0502367839217186,0.04382937774062157,0.04672728851437569,0.003838624805212021,0.0035094954073429108
20,pairwise,0.05502898991107941,68,7.3388218904679725e-09,0.0550289972499013,True,0.04749918729066849,0.05502898991107941,0.04368572682142258,0.05224233865737915,0.0038134604692459106,0.0027866512537002563
20,pairwise,0.055861350148916245,69,5.8941215276719916e-05,0.055920291364192964,True,0.055861350148916245,0.04748489707708359,0.05306025221943855,0.04386351630091667,0.0028010979294776917,0.003621380776166916
20,pairwise,0.04700499773025513,70,7.246853811482268e-10,0.04700499845494051,True,0.04393475875258446,0.04700499773025513,0.03894035145640373,0.04235349968075752,0.004994407296180725,0.004651498049497604
20,pairwise,0.04882613569498062,71,6.2145330011822986e-06,0.048832350227981804,True,0.04882613569498062,0.0435234010219574,0.04503006860613823,0.038492415100336075,0.003796067088842392,0.005030985921621323
20,pairwise,0.04940860718488693,72,8.765146136284485e-06,0.04941737233102322,True,0.04940860718488693,0.042489442974328995,0.04593897610902786,0.03708909824490547,0.00346963107585907,0.005400344729423523
20,pairwise,0.05421685054898262,73,0.00017320940829813197,0.05439005995728075,True,0.05421685054898262,0.047271791845560074,0.05138392373919487,0.04340796545147896,0.0028329268097877502,0.0038638263940811157
20,pairwise,0.04675824195146561,74,3.576278717609682e-10,0.04675824230909348,True,0.044894732534885406,0.04675824195146561,0.04007619246840477,0.042532555758953094,0.004818540066480637,0.004225686192512512
20,pairwise,0.04795508459210396,75,7.089931517839654e-05,0.048025983907282355,True,0.04244154691696167,0.04795508459210396,0.037258222699165344,0.044205255806446075,0.005183324217796326,0.0037498287856578827
20,pairwise,0.07562221586704254,76,0.0011647093973588263,0.07678692526440137,True,0.07562221586704254,0.04583841934800148,0.07371896505355835,0.041478414088487625,0.001903250813484192,0.004360005259513855
20,pairwise,0.05198964476585388,77,0.00010081644123419858,0.05209046120708808,True,0.05114910006523132,0.05198964476585388,0.047783322632312775,0.048529013991355896,0.0033657774329185486,0.003460630774497986
20,pairwise,0.05196749418973923,78,1.0058283789193823e-09,0.051967495195567606,True,0.05196749418973923,0.04624294117093086,0.04829854890704155,0.04210296645760536,0.0036689452826976776,0.0041399747133255005
20,pairwise,0.05308631807565689,79,4.629032686352674e-05,0.05313260840252042,True,0.05308631807565689,0.0444684661924839,0.049973905086517334,0.04040253162384033,0.003112412989139557,0.00406593456864357
20,pairwise,0.048781633377075195,80,9.557150304317225e-05,0.04887720488011837,True,0.04433692991733551,0.048781633377075195,0.0392829068005085,0.045120060443878174,0.005054023116827011,0.0036615729331970215
20,pairwise,0.06351245194673538,81,5.944077670573533e-05,0.06357189272344112,True,0.06351245194673538,0.0524480938911438,0.060798730701208115,0.048561207950115204,0.0027137212455272675,0.003886885941028595
20,pairwise,0.04782574996352196,82,2.5211900472638105e-05,0.047850961863994596,True,0.04782574996352196,0.04471380263566971,0.04351658746600151,0.03970810025930405,0.004309162497520447,0.005005702376365662
20,pairwise,0.04425567016005516,83,3.782084584236234e-05,0.04429349100589752,True,0.04425567016005516,0.041692182421684265,0.03957894816994667,0.03635230287909508,0.00467672199010849,0.005339879542589188
20,pairwise,0.046708256006240845,84,6.465405225752896e-06,0.0467147214114666,True,0.04508756473660469,0.046708256006240845,0.04047973453998566,0.04251962900161743,0.004607830196619034,0.004188627004623413
20,pairwise,0.062788225710392,85,2.9859691858286075e-05,0.06281808540225028,True,0.062788225710392,0.04585255682468414,0.06003450229763985,0.041763149201869965,0.0027537234127521515,0.0040894076228141785
20,pairwise,0.050879545509815216,86,1.3634562506803505e-09,0.05087954687327147,True,0.050879545509815216,0.041237544268369675,0.046380795538425446,0.035598114132881165,0.0044987499713897705,0.00563943013548851
20,pairwise,0.05421685054898262,87,7.386146206408983e-05,0.05429071201104671,True,0.05421685054898262,0.04560317099094391,0.05138392373919487,0.04147031158208847,0.0028329268097877502,0.004132859408855438
20,pairwise,0.04666274040937424,88,3.576278717609682e-10,0.04666274076700211,True,0.04666274040937424,0.039498936384916306,0.04264203459024429,0.03374013677239418,0.004020705819129944,0.005758799612522125
20,pairwise,0.04859279841184616,89,1.9371509951682242e-10,0.04859279860556126,True,0.04859279841184616,0.04731734097003937,0.043896034359931946,0.04339221864938736,0.004696764051914215,0.003925122320652008
20,pairwise,0.0514032356441021,90,5.736947028545103e-10,0.0514032362177968,True,0.04452350735664368,0.0514032356441021,0.040146950632333755,0.04808545112609863,0.004376556724309921,0.0033177845180034637
20,pairwise,0.06860481202602386,91,7.908010482787775e-05,0.06868389213085174,True,0.06860481202602386,0.06198303773999214,0.06631767749786377,0.0589882917702198,0.002287134528160095,0.002994745969772339
20,pairwise,0.05210515484213829,92,5.8844571933149015e-05,0.05216399941407144,True,0.04768577963113785,0.05210515484213829,0.04360271245241165,0.04864810034632683,0.004083067178726196,0.0034570544958114624
20,pairwise,0.05091001093387604,93,6.146976351738276e-05,0.05097148069739342,True,0.05013500526547432,0.05091001093387604,0.0466604046523571,0.047335196286439896,0.003474600613117218,0.003574814647436142
20,pairwise,0.05123686417937279,94,1.015141581905965e-10,0.051236864280886946,True,0.04544432461261749,0.05123686417937279,0.04120733216404915,0.04738102853298187,0.004236992448568344,0.003855835646390915
20,pairwise,0.04491543024778366,95,3.916837275028118e-05,0.04495459862053394,True,0.04257864132523537,0.04491543024778366,0.03755956515669823,0.0405082106590271,0.00501907616853714,0.004407219588756561
20,pairwise,0.04977189004421234,96,9.629875438732505e-10,0.049771891007199885,True,0.04977189004421234,0.040941961109638214,0.046024855226278305,0.034742362797260284,0.0037470348179340363,0.00619959831237793
20,pairwise,0.04731734097003937,97,5.085542798044518e-06,0.04732242651283741,True,0.04731734097003937,0.04620194435119629,0.04339221864938736,0.04234546050429344,0.003925122320652008,0.0038564838469028473
20,pairwise,0.062788225710392,98,0.0,0.062788225710392,False,0.05064835026860237,0.062788225710392,0.04699321463704109,0.06003450229763985,0.0036551356315612793,0.0027537234127521515
20,pairwise,0.057100970298051834,99,2.916677296161546e-05,0.05713013707101345,True,0.057100970298051834,0.04781418666243553,0.05421007052063942,0.043051451444625854,0.0028908997774124146,0.004762735217809677
20,pairwise,0.04850466921925545,100,9.700183942913665e-05,0.048601671058684584,True,0.04850466921925545,0.04394352063536644,0.044652774930000305,0.039276350289583206,0.003851894289255142,0.004667170345783234
20,pairwise,0.05110427364706993,101,5.3858572151510575e-05,0.05115813221922144,True,0.05048425868153572,0.05110427364706993,0.04712749272584915,0.04786794260144234,0.003356765955686569,0.003236331045627594
20,pairwise,0.04408213496208191,102,1.4007091528323024e-09,0.04408213636279106,True,0.04408213496208191,0.04338036850094795,0.039492689073085785,0.038127344101667404,0.004589445888996124,0.005253024399280548
20,pairwise,0.061742059886455536,103,2.355834841728105e-05,0.06176561823487282,True,0.05502898991107941,0.061742059886455536,0.05224233865737915,0.059023719280958176,0.0027866512537002563,0.0027183406054973602
20,pairwise,0.04735437408089638,104,1.0263174754499005e-09,0.04735437510721385,True,0.04529023543000221,0.04735437408089638,0.040956608951091766,0.043507736176252365,0.004333626478910446,0.0038466379046440125
20,pairwise,0.04764915630221367,105,1.4303803443908858e-05,0.04766346010565758,True,0.04764915630221367,0.046083658933639526,0.043909791857004166,0.04176630079746246,0.003739364445209503,0.004317358136177063
20,pairwise,0.051340196281671524,106,0.0001452266722917553,0.05148542295396328,True,0.048575904220342636,0.051340196281671524,0.044868554919958115,0.0477084182202816,0.0037073493003845215,0.003631778061389923
20,pairwise,0.04499717429280281,107,8.940696794024205e-11,0.04499717438220978,True,0.04499717429280281,0.04069829359650612,0.04009715095162392,0.03513532131910324,0.004900023341178894,0.005562972277402878
20,pairwise,0.04911725968122482,108,9.909272222219379e-10,0.049117260672152045,True,0.04911725968122482,0.04648952931165695,0.04482613503932953,0.04193035140633583,0.004291124641895294,0.004559177905321121
20,pairwise,0.047200754284858704,109,5.8956071734429794e-05,0.04725971035659313,True,0.04667101055383682,0.047200754284858704,0.04282928258180618,0.04347517713904381,0.0038417279720306396,0.0037255771458148956
20,pairwise,0.044811610132455826,110,0.0002221366763114907,0.045033746808767317,True,0.044811610132455826,0.04278769716620445,0.04019777104258537,0.037567704916000366,0.004613839089870453,0.005219992250204086
20,pairwise,0.04639321193099022,111,4.097819326920327e-09,0.046393216028809546,True,0.038995590060949326,0.04639321193099022,0.03317190706729889,0.04244714975357056,0.005823682993650436,0.0039460621774196625
20,pairwise,0.04605381190776825,112,8.940696724635266e-10,0.04605381280183792,True,0.04605381190776825,0.04545479267835617,0.04147494211792946,0.04046803340315819,0.004578869789838791,0.004986759275197983
20,pairwise,0.044189222157001495,113,2.471134066581171e-06,0.04419169329106808,True,0.044189222157001495,0.03985713794827461,0.039693523198366165,0.03383786231279373,0.00449569895863533,0.006019275635480881
20,pairwise,0.05172944813966751,114,7.599592205531636e-10,0.05172944889962673,True,0.04419197887182236,0.05172944813966751,0.03972850739955902,0.04810972884297371,0.004463471472263336,0.003619719296693802
20,pairwise,0.04802335798740387,115,2.0687282085291026e-07,0.04802356486022472,True,0.04802335798740387,0.04770283028483391,0.04454035684466362,0.043551597744226456,0.0034830011427402496,0.004151232540607452
20,pairwise,0.04559246450662613,116,1.0424032807349048e-06,0.045593506909906864,True,0.04544926807284355,0.04559246450662613,0.040863484144210815,0.04114178195595741,0.004585783928632736,0.004450682550668716
20,pairwise,0.05883955955505371,117,0.00011145275831222351,0.058951012313365934,True,0.05883955955505371,0.04766800254583359,0.05577436462044716,0.04382937774062157,0.003065194934606552,0.003838624805212021
20,pairwise,0.05167640373110771,118,3.433556109666558e-05,0.05171073929220438,True,0.04734719917178154,0.05167640373110771,0.04341593757271767,0.04851357266306877,0.003931261599063873,0.0031628310680389404
20,pairwise,0.04804627597332001,119,1.1287629581024916e-09,0.048046277102082965,True,0.04210925102233887,0.04804627597332001,0.037069663405418396,0.04413529112935066,0.005039587616920471,0.003910984843969345
20,pairwise,0.05024247616529465,120,3.226230107247763e-05,0.050274738466367125,True,0.04575742408633232,0.05024247616529465,0.04164284095168114,0.046448539942502975,0.004114583134651184,0.0037939362227916718
20,pairwise,0.04644147306680679,121,6.258487686428005e-10,0.04644147369265556,True,0.04468836635351181,0.04644147306680679,0.03935088589787483,0.04235490784049034,0.005337480455636978,0.004086565226316452
20,pairwise,0.04769595339894295,122,7.897615408869463e-10,0.04769595418870449,True,0.04769595339894295,0.0472700409591198,0.04349066689610481,0.043263424187898636,0.004205286502838135,0.004006616771221161
20,pairwise,0.04959538206458092,123,3.272289037704185e-05,0.04962810495495796,True,0.04397569224238396,0.04959538206458092,0.038431040942668915,0.046150702983140945,0.005544651299715042,0.003444679081439972
20,pairwise,0.05172944813966751,124,7.599592205531636e-10,0.05172944889962673,True,0.05172944813966751,0.04310822859406471,0.04810972884297371,0.03769955039024353,0.003619719296693802,0.005408678203821182
20,pairwise,0.050390176475048065,125,1.0579824447076724e-09,0.05039017753303051,True,0.050390176475048065,0.04395338520407677,0.04694920405745506,0.038703978061676025,0.0034409724175930023,0.005249407142400742
20,pairwise,0.048081956803798676,126,4.4798851013549967e-07,0.04808240479230881,True,0.046986620873212814,0.048081956803798676,0.042333126068115234,0.04326795041561127,0.00465349480509758,0.0048140063881874084
20,pairwise,0.04902740195393562,127,3.0174851506359346e-10,0.04902740225568414,True,0.04902740195393562,0.04544032737612724,0.045549068599939346,0.04098014160990715,0.003478333353996277,0.004460185766220093
20,pairwise,0.06351245194673538,128,3.5977989435193036e-05,0.06354842993617058,True,0.06351245194673538,0.05789271369576454,0.060798730701208115,0.054676804691553116,0.0027137212455272675,0.0032159090042114258
20,pairwise,0.049266066402196884,129,2.599135041220224e-07,0.049266326315701006,True,0.049266066402196884,0.047240011394023895,0.04523887485265732,0.04356444627046585,0.004027191549539566,0.0036755651235580444
20,pairwise,0.05272074416279793,130,1.2359846383334927e-05,0.05273310400918126,True,0.05272074416279793,0.050095416605472565,0.04994206503033638,0.046554092317819595,0.002778679132461548,0.0035413242876529694
20,pairwise,0.05022759735584259,131,1.4838725328446267e-05,0.05024243608117104,True,0.05022759735584259,0.048366762697696686,0.04691287875175476,0.043954771012067795,0.0033147186040878296,0.004411991685628891
20,pairwise,0.04763653874397278,132,5.735544487833755e-05,0.047693894188851116,True,0.04763653874397278,0.047621797770261765,0.04380415752530098,0.043851613998413086,0.0038323812186717987,0.0037701837718486786
20,pairwise,0.050813689827919006,133,0.0003054001182317759,0.05111908994615078,True,0.04373149573802948,0.050813689827919006,0.03892722353339195,0.04757973551750183,0.0048042722046375275,0.0032339543104171753
20,pairwise,0.05232800170779228,134,1.423060891347916e-09,0.05232800313085317,True,0.05232800170779228,0.048780281096696854,0.04900815337896347,0.04485052451491356,0.0033198483288288116,0.003929756581783295
20,pairwise,0.05243133753538132,135,2.3245811456296117e-09,0.05243133985996246,True,0.05243133753538132,0.049876317381858826,0.049429893493652344,0.045684147626161575,0.0030014440417289734,0.00419216975569725
20,pairwise,0.04847024381160736,136,7.058382034269561e-07,0.04847094964981079,True,0.04847024381160736,0.047309957444667816,0.04483034461736679,0.04319249093532562,0.00363989919424057,0.004117466509342194
20,pairwise,0.05791380628943443,137,9.876662492751959e-05,0.05801257291436195,True,0.046522434800863266,0.05791380628943443,0.041952237486839294,0.05532233044505119,0.0045701973140239716,0.0025914758443832397
20,pairwise,0.05042461305856705,138,3.11384275555604e-05,0.05045575148612261,True,0.05042461305856705,0.047621797770261765,0.046925466507673264,0.043851613998413086,0.0034991465508937836,0.0037701837718486786
20,pairwise,0.045404545962810516,139,3.5017728994279906e-10,0.045404546312987806,True,0.045404545962810516,0.04447191208600998,0.04062804579734802,0.03981813043355942,0.004776500165462494,0.0046537816524505615
20,pairwise,0.04595839977264404,140,1.8775463128672953e-09,0.045958401650190356,True,0.04353900998830795,0.04595839977264404,0.0386790856719017,0.04113151133060455,0.00485992431640625,0.00482688844203949
20,pairwise,0.04645620286464691,141,1.6987323769868112e-09,0.04645620456337929,True,0.04520556703209877,0.04645620286464691,0.040382761508226395,0.04206383600831032,0.0048228055238723755,0.004392366856336594
20,pairwise,0.05210515484213829,142,2.2351745454507466e-11,0.052105154864490036,True,0.05210515484213829,0.04575742408633232,0.04864810034632683,0.04164284095168114,0.0034570544958114624,0.004114583134651184
20,pairwise,0.04784514755010605,143,3.016079962253615e-05,0.047875308349728585,True,0.044224999845027924,0.04784514755010605,0.03951822593808174,0.04286294803023338,0.004706773906946182,0.004982199519872665
20,pairwise,0.04977189004421234,144,9.613394737241487e-06,0.04978150343894958,True,0.04977189004421234,0.04026765376329422,0.046024855226278305,0.03371387720108032,0.0037470348179340363,0.006553776562213898
20,pairwise,0.07801374047994614,145,8.530914724635963e-10,0.07801374133303761,True,0.04634948447346687,0.07801374047994614,0.04250685125589371,0.07618880271911621,0.003842633217573166,0.0018249377608299255
20,pairwise,0.05280341953039169,146,0.00012087196111679188,0.052924291491508485,True,0.05280341953039169,0.041615504771471024,0.04936905577778816,0.0362982414662838,0.003434363752603531,0.005317263305187225
20,pairwise,0.052129652351140976,147,7.474501430988073e-05,0.05220439736545086,True,0.04323885589838028,0.052129652351140976,0.03812706470489502,0.04895945265889168,0.00511179119348526,0.003170199692249298
20,pairwise,0.057602670043706894,148,4.4810563325878294e-05,0.05764748060703277,True,0.04959538206458092,0.057602670043706894,0.046150702983140945,0.0545336939394474,0.003444679081439972,0.003068976104259491
20,pairwise,0.05013500526547432,149,6.130272150040028e-05,0.05019630798697472,True,0.05013500526547432,0.047387927770614624,0.0466604046523571,0.043595608323812485,0.003474600613117218,0.0037923194468021393
20,pairwise,0.05911736562848091,150,4.267320038997546e-09,0.05911736989580095,True,0.04550907015800476,0.05911736562848091,0.040342867374420166,0.05666418746113777,0.005166202783584595,0.0024531781673431396
20,pairwise,0.04832831770181656,151,1.639127722441458e-10,0.04832831786572933,True,0.04387856274843216,0.04832831770181656,0.03863869979977608,0.044416800141334534,0.005239862948656082,0.003911517560482025
20,pairwise,0.060118257999420166,152,1.2367963805881566e-09,0.06011825923621655,True,0.060118257999420166,0.04383942484855652,0.05701611563563347,0.03883814439177513,0.0031021423637866974,0.005001280456781387
20,pairwise,0.04768235981464386,153,5.051493646990313e-09,0.04768236486613751,True,0.0453534834086895,0.04768235981464386,0.041145868599414825,0.044038500636816025,0.0042076148092746735,0.003643859177827835
20,pairwise,0.046911392360925674,154,0.00015134070813655615,0.04706273306906223,True,0.03869618847966194,0.046911392360925674,0.031992603093385696,0.04237452521920204,0.006703585386276245,0.004536867141723633
20,pairwise,0.053077083081007004,155,1.2814998645582776e-09,0.05307708436250687,True,0.053077083081007004,0.03996962308883667,0.05001266300678253,0.03335762396454811,0.003064420074224472,0.006611999124288559
20,pairwise,0.07812900841236115,156,1.1071562763809162e-08,0.07812901948392391,True,0.07812900841236115,0.04312586039304733,0.07616669684648514,0.037999749183654785,0.001962311565876007,0.005126111209392548
20,pairwise,0.04360169917345047,157,1.9548535346983198e-05,0.04362124770879745,True,0.04360169917345047,0.037230998277664185,0.038950033485889435,0.030412187799811363,0.004651665687561035,0.006818810477852821
20,pairwise,0.050095416605472565,158,4.358589648922884e-09,0.050095420964062214,True,0.050095416605472565,0.04814382642507553,0.046554092317819595,0.04468584060668945,0.0035413242876529694,0.003457985818386078
20,pairwise,0.08103642612695694,159,0.0005923569230362746,0.08162878304999321,True,0.08103642612695694,0.04113195091485977,0.07930215448141098,0.03564291074872017,0.0017342716455459595,0.005489040166139603
20,pairwise,0.047163136303424835,160,1.251697537285601e-09,0.04716313755512237,True,0.04246370494365692,0.047163136303424835,0.037542544305324554,0.04349434748291969,0.004921160638332367,0.003668788820505142
20,pairwise,0.08014870434999466,161,0.0,0.08014870434999466,False,0.08014870434999466,0.044276364147663116,0.07831043004989624,0.039723027497529984,0.0018382743000984192,0.004553336650133133
20,pairwise,0.049881596118211746,162,7.1860849840121865e-09,0.04988160330429673,True,0.049881596118211746,0.04349376633763313,0.04625615105032921,0.03869258612394333,0.003625445067882538,0.004801180213689804
20,pairwise,0.044890642166137695,163,1.1310912692574782e-09,0.044890643297228965,True,0.0430869460105896,0.044890642166137695,0.03800349682569504,0.04059362784028053,0.005083449184894562,0.0042970143258571625
20,pairwise,0.05138387531042099,164,4.518892988562839e-05,0.05142906424030662,True,0.05138387531042099,0.04649513587355614,0.04789645969867706,0.042272329330444336,0.003487415611743927,0.004222806543111801
20,pairwise,0.0545959435403347,165,2.371950028463854e-05,0.05461966304061934,True,0.0545959435403347,0.041692182421684265,0.051588915288448334,0.03635230287909508,0.003007028251886368,0.005339879542589188
20,pairwise,0.06694190204143524,166,0.0001424288153648312,0.06708433085680007,True,0.04833673685789108,0.06694190204143524,0.04496045783162117,0.06471697241067886,0.0033762790262699127,0.002224929630756378
20,pairwise,0.04712105542421341,167,4.099114239215773e-05,0.04716204656660557,True,0.04712105542421341,0.037863947451114655,0.043175507336854935,0.031094936653971672,0.003945548087358475,0.0067690107971429825
20,pairwise,0.05502898991107941,168,7.3388218904679725e-09,0.0550289972499013,True,0.05502898991107941,0.049259185791015625,0.05224233865737915,0.04576737806200981,0.0027866512537002563,0.0034918077290058136
20,pairwise,0.045728910714387894,169,1.6346320509910695e-05,0.045745257034897804,True,0.045728910714387894,0.045607566833496094,0.04066918417811394,0.04159065708518028,0.005059726536273956,0.004016909748315811
20,pairwise,0.0479426346719265,170,0.0001718573197722409,0.04811449199169874,True,0.04632917419075966,0.0479426346719265,0.0419679693877697,0.04357726871967316,0.00436120480298996,0.004365365952253342
20,pairwise,0.04539024084806442,171,1.8952652812001536e-05,0.045409193500876424,True,0.0427832156419754,0.04539024084806442,0.03768918290734291,0.04119933396577835,0.005094032734632492,0.004190906882286072
20,pairwise,0.05232800170779228,172,0.00042882724106312053,0.0527568289488554,True,0.04505753889679909,0.05232800170779228,0.04087049514055252,0.04900815337896347,0.004187043756246567,0.0033198483288288116
20,pairwise,0.05781230330467224,173,1.134700139404643e-09,0.05781230443937238,True,0.04452582821249962,0.05781230330467224,0.039030611515045166,0.05513700470328331,0.0054952166974544525,0.0026752986013889313
20,pairwise,0.06787769496440887,174,2.4437904339036365e-09,0.06787769740819931,True,0.06787769496440887,0.05632828548550606,0.06563513725996017,0.05297325924038887,0.0022425577044487,0.0033550262451171875
20,pairwise,0.04707808047533035,175,6.724149015369107e-10,0.047078081147745254,True,0.04707808047533035,0.0430869460105896,0.04291464760899544,0.03800349682569504,0.004163432866334915,0.005083449184894562
20,pairwise,0.04860846698284149,176,1.883086562156494e-05,0.04862729784846306,True,0.04860846698284149,0.04592351242899895,0.04488280043005943,0.041299741715192795,0.0037256665527820587,0.004623770713806152
20,pairwise,0.045599598437547684,177,1.4005131553855577e-05,0.04561360356910154,True,0.045599598437547684,0.044230371713638306,0.041302088648080826,0.03974585235118866,0.004297509789466858,0.004484519362449646
20,pairwise,0.05024247616529465,178,1.1324882490115762e-09,0.050242477297782896,True,0.05024247616529465,0.04452350735664368,0.046448539942502975,0.040146950632333755,0.0037939362227916718,0.004376556724309921
20,pairwise,0.045142222195863724,179,1.2069940602543738e-09,0.045142223402857784,True,0.045142222195863724,0.04499075934290886,0.04040597006678581,0.0405697226524353,0.004736252129077911,0.0044210366904735565
20,pairwise,0.04825151711702347,180,3.7415884279745626e-10,0.04825151749118231,True,0.04730745032429695,0.04825151711702347,0.0431772880256176,0.04473097622394562,0.004130162298679352,0.0035205408930778503
20,pairwise,0.047152794897556305,181,2.764165403512653e-09,0.04715279766172171,True,0.042406175285577774,0.047152794897556305,0.03705224394798279,0.04345497488975525,0.005353931337594986,0.003697820007801056
20,pairwise,0.04636458307504654,182,4.503020644187894e-05,0.04640961328148842,True,0.04611077904701233,0.04636458307504654,0.0414285883307457,0.041919562965631485,0.004682190716266632,0.004445020109415054
20,pairwise,0.04522007331252098,183,5.004452168941298e-05,0.045270117834210394,True,0.04522007331252098,0.044624920934438705,0.04118221998214722,0.04011445865035057,0.004037853330373764,0.004510462284088135
20,pairwise,0.04675824195146561,184,2.4159997701646285e-05,0.04678240194916725,True,0.04675824195146561,0.04544432461261749,0.042532555758953094,0.04120733216404915,0.004225686192512512,0.004236992448568344
20,pairwise,0.05904153734445572,185,5.371868609660435e-09,0.05904154271632433,True,0.05904153734445572,0.043185412883758545,0.05615570768713951,0.03811613470315933,0.002885829657316208,0.005069278180599213
20,pairwise,0.04611077904701233,186,1.6391277293803519e-09,0.04611078068614006,True,0.04611077904701233,0.04534417763352394,0.0414285883307457,0.041072554886341095,0.004682190716266632,0.004271622747182846
20,pairwise,0.052041247487068176,187,6.156624307585012e-10,0.05204124810273061,True,0.04976622760295868,0.052041247487068176,0.04669736698269844,0.048874400556087494,0.0030688606202602386,0.0031668469309806824
20,pairwise,0.05338481068611145,188,0.0001528187692165367,0.05353762945532799,True,0.05338481068611145,0.04642358422279358,0.05011365935206413,0.041882626712322235,0.0032711513340473175,0.004540957510471344
20,pairwise,0.04825151711702347,189,3.7415884279745626e-10,0.04825151749118231,True,0.04825151711702347,0.043548960238695145,0.04473097622394562,0.038701046258211136,0.0035205408930778503,0.004847913980484009
20,pairwise,0.04834527149796486,190,8.493661884934056e-10,0.04834527234733105,True,0.04834527149796486,0.04730745032429695,0.0446593351662159,0.0431772880256176,0.0036859363317489624,0.004130162298679352
20,pairwise,0.05799084156751633,191,0.0011789008155465158,0.05916974238306284,True,0.05799084156751633,0.04332868382334709,0.055603548884391785,0.03811803087592125,0.0023872926831245422,0.005210652947425842
20,pairwise,0.05134837329387665,192,6.3962023705219084e-06,0.05135476949624717,True,0.04142601415514946,0.05134837329387665,0.036252301186323166,0.04821472987532616,0.005173712968826294,0.0031336434185504913
20,pairwise,0.053007788956165314,193,3.866851332190446e-09,0.053007792823016646,True,0.04670481011271477,0.053007788956165314,0.042788781225681305,0.04960542544722557,0.0039160288870334625,0.003402363508939743
20,pairwise,0.04657934978604317,194,3.722496332014824e-09,0.0465793535085395,True,0.04657934978604317,0.04217935726046562,0.04272262006998062,0.03664153069257736,0.0038567297160625458,0.00553782656788826
20,pairwise,0.06859247386455536,195,0.0017190884286537728,0.07031156229320913,True,0.04499717429280281,0.06859247386455536,0.04009715095162392,0.06659483164548874,0.004900023341178894,0.00199764221906662
20,pairwise,0.05203382670879364,196,0.00014378547668456726,0.05217761218547821,True,0.05203382670879364,0.0484544038772583,0.0484347902238369,0.044904232025146484,0.0035990364849567413,0.0035501718521118164
20,pairwise,0.048281315714120865,197,1.788139358804841e-10,0.0482813158929348,True,0.048281315714120865,0.04510549455881119,0.044057026505470276,0.040906257927417755,0.004224289208650589,0.004199236631393433
20,pairwise,0.049814917147159576,198,5.66244127975235e-10,0.049814917713403704,True,0.048010826110839844,0.049814917147159576,0.04395391792058945,0.046091366559267044,0.004056908190250397,0.0037235505878925323
20,pairwise,0.050324276089668274,199,8.607114199549182e-05,0.050410347231663766,True,0.050324276089668274,0.038868971168994904,0.04645298048853874,0.03266198933124542,0.003871295601129532,0.006206981837749481
200,pairwise,0.03742440417408943,0,7.865834049880505e-06,0.03743227000813931,True,0.03742440417408943,0.0372687466442585,0.029725059866905212,0.028783291578292847,0.007699344307184219,0.008485455065965652
200,pairwise,0.03563959151506424,1,8.013548795093861e-07,0.03564039286994375,True,0.03545322269201279,0.03563959151506424,0.025706643238663673,0.02590280957520008,0.009746579453349113,0.009736781939864159
200,pairwise,0.03996923193335533,2,1.3603508472445625e-05,0.03998283544182778,True,0.03708675503730774,0.03996923193335533,0.02888944000005722,0.0333973653614521,0.008197315037250519,0.006571866571903229
200,pairwise,0.03559228405356407,3,2.2910535274478505e-10,0.035592284282669424,True,0.03546807914972305,0.03559228405356407,0.026760196313261986,0.02679016999900341,0.008707882836461067,0.008802114054560661
200,pairwise,0.03731713071465492,4,3.523496910927404e-06,0.03732065421156585,True,0.03601369261741638,0.03731713071465492,0.027435898780822754,0.029325250536203384,0.008577793836593628,0.007991880178451538
200,pairwise,0.03612932935357094,5,4.237577319141095e-06,0.03613356693089008,True,0.03612932935357094,0.03561903163790703,0.027693195268511772,0.02642504870891571,0.008436134085059166,0.009193982928991318
200,pairwise,0.03812810033559799,6,2.671115635894533e-05,0.03815481149195694,True,0.03692502900958061,0.03812810033559799,0.02934538759291172,0.030498560518026352,0.007579641416668892,0.00762953981757164
200,pairwise,0.03653629869222641,7,1.6455780714741408e-06,0.036537944270297884,True,0.03653629869222641,0.03534125164151192,0.02763044275343418,0.025952264666557312,0.008905855938792229,0.009388986974954605
200,pairwise,0.03830873593688011,8,4.810251295568613e-06,0.03831354618817568,True,0.035772401839494705,0.03830873593688011,0.026653995737433434,0.030415978282690048,0.009118406102061272,0.007892757654190063
200,pairwise,0.038924284279346466,9,1.6355440020585088e-06,0.038925919823348525,True,0.036599043756723404,0.038924284279346466,0.028069786727428436,0.03152146190404892,0.008529257029294968,0.007402822375297546
200,pairwise,0.04060777649283409,10,4.2747706069379277e-10,0.04060777692031115,True,0.036625079810619354,0.04060777649283409,0.02818368375301361,0.03382638096809387,0.008441396057605743,0.006781395524740219
200,pairwise,0.03597419336438179,11,3.7077069282853703e-07,0.03597456413507462,True,0.03597419336438179,0.03597278147935867,0.026895832270383835,0.026535090059041977,0.009078361093997955,0.009437691420316696
200,pairwise,0.036597076803445816,12,1.5877574682236772e-05,0.03661295437812805,True,0.03544119745492935,0.036597076803445816,0.0260879248380661,0.027984408661723137,0.00935327261686325,0.00861266814172268
200,pairwise,0.036435700953006744,13,3.0225217342375044e-06,0.03643872347474098,True,0.03550078719854355,0.036435700953006744,0.026421189308166504,0.02783561684191227,0.009079597890377045,0.008600084111094475
200,pairwise,0.0396367609500885,14,3.2515730708851387e-06,0.039640012523159386,True,0.0396367609500885,0.03587069362401962,0.03278638422489166,0.02646542713046074,0.006850376725196838,0.009405266493558884
200,pairwise,0.03528037294745445,15,4.917383167324374e-10,0.03528037343919277,True,0.03528037294745445,0.03506233170628548,0.025763720273971558,0.025461329147219658,0.009516652673482895,0.009601002559065819
200,pairwise,0.0372890941798687,16,1.5180259943028962e-06,0.037290612205863,True,0.03590622916817665,0.0372890941798687,0.02736860141158104,0.02966182492673397,0.008537627756595612,0.0076272692531347275
200,pairwise,0.03770710155367851,17,3.4603644162439773e-06,0.03771056191809476,True,0.03770710155367851,0.03615529090166092,0.02966734580695629,0.027181826531887054,0.008039755746722221,0.008973464369773865
200,pairwise,0.03778177127242088,18,7.243543863298674e-06,0.03778901481628418,True,0.03677913546562195,0.03778177127242088,0.028170375153422356,0.02893216349184513,0.008608760312199593,0.008849607780575752
200,pairwise,0.036700647324323654,19,2.1196901803244295e-09,0.036700649444013834,True,0.036700647324323654,0.03567331284284592,0.028914881870150566,0.026499375700950623,0.007785765454173088,0.009173937141895294
200,pairwise,0.0367535762488842,20,1.4407690614448576e-06,0.036755017017945646,True,0.0367535762488842,0.03534125164151192,0.028183678165078163,0.025952264666557312,0.008569898083806038,0.009388986974954605
200,pairwise,0.04032599925994873,21,3.3527612630646075e-10,0.04032599959522486,True,0.04032599925994873,0.035884320735931396,0.03316860273480415,0.02711961232125759,0.007157396525144577,0.008764708414673805
200,pairwise,0.037880536168813705,22,2.482630312439227e-06,0.037883018799126145,True,0.0352451391518116,0.037880536168813705,0.026008473709225655,0.030238747596740723,0.009236665442585945,0.007641788572072983
200,pairwise,0.036936692893505096,23,9.602010250103765e-07,0.03693765309453011,True,0.036936692893505096,0.03626693785190582,0.029172280803322792,0.0276788342744112,0.007764412090182304,0.008588103577494621
200,pairwise,0.03929372504353523,24,8.28922539949234e-06,0.039302014268934725,True,0.036700647324323654,0.03929372504353523,0.028914881870150566,0.03197392821311951,0.007785765454173088,0.007319796830415726
200,pairwise,0.036372508853673935,25,1.1295899748769989e-06,0.03637363844364881,True,0.036372508853673935,0.0359836220741272,0.02822370082139969,0.026920031756162643,0.008148808032274246,0.009063590317964554
200,pairwise,0.036061666905879974,26,1.4421418309193412e-06,0.036063109047710894,True,0.03562643378973007,0.036061666905879974,0.026474351063370705,0.027210980653762817,0.009152082726359367,0.008850686252117157
200,pairwise,0.038280438631772995,27,5.478356033539189e-07,0.03828098646737635,True,0.034986503422260284,0.038280438631772995,0.025329140946269035,0.030403852462768555,0.009657362475991249,0.00787658616900444
200,pairwise,0.036733657121658325,28,3.933236002937046e-07,0.03673405044525862,True,0.036733657121658325,0.03573280945420265,0.028208933770656586,0.026449808850884438,0.00852472335100174,0.009283000603318214
200,pairwise,0.038339294493198395,29,9.420476853871929e-07,0.03834023654088378,True,0.035353049635887146,0.038339294493198395,0.026694225147366524,0.030720464885234833,0.008658824488520622,0.007618829607963562
200,pairwise,0.039231717586517334,30,2.1058961749073624e-05,0.03925277654826641,True,0.035321418195962906,0.039231717586517334,0.025691485032439232,0.030991440638899803,0.009629933163523674,0.00824027694761753
200,pairwise,0.03898647055029869,31,1.118727028369404e-06,0.03898758927732706,True,0.03898647055029869,0.03742440417408943,0.03208303079009056,0.029725059866905212,0.00690343976020813,0.007699344307184219
200,pairwise,0.03923826292157173,32,2.8587900102142183e-05,0.039266850821673874,True,0.03923826292157173,0.03598999232053757,0.03237787261605263,0.027358122169971466,0.006860390305519104,0.008631870150566101
200,pairwise,0.038369111716747284,33,9.195029735564741e-06,0.03837830674648285,True,0.038369111716747284,0.03654903173446655,0.03101210854947567,0.027643555775284767,0.007357003167271614,0.008905475959181786
200,pairwise,0.04004000127315521,34,1.5728907659648406e-05,0.04005573018081486,True,0.036581169813871384,0.04004000127315521,0.02831944450736046,0.033116474747657776,0.008261725306510925,0.0069235265254974365
200,pairwise,0.03547750785946846,35,2.0117666572339044e-06,0.035479519626125694,True,0.03522879630327225,0.03547750785946846,0.02570241689682007,0.026181673631072044,0.009526379406452179,0.009295834228396416
200,pairwise,0.03711841627955437,36,1.2228339910519415e-06,0.03711963911354542,True,0.03588680177927017,0.03711841627955437,0.026697076857089996,0.029317345470190048,0.009189724922180176,0.007801070809364319
200,pairwise,0.03944120556116104,37,1.0977879166602922e-05,0.039452183440327644,True,0.03760102763772011,0.03944120556116104,0.02979261241853237,0.032271165400743484,0.0078084152191877365,0.007170040160417557
200,pairwise,0.03511573001742363,38,6.3559859991083045e-06,0.03512208600342274,True,0.03511573001742363,0.03489892929792404,0.024983741343021393,0.025435680523514748,0.010131988674402237,0.009463248774409294
200,pairwise,0.03619513288140297,39,6.591714918624536e-07,0.03619579205289483,True,0.03532085940241814,0.03619513288140297,0.026143331080675125,0.02739991992712021,0.009177528321743011,0.00879521295428276
200,pairwise,0.037593889981508255,40,4.2624399065882557e-07,0.037594316225498914,True,0.036197561770677567,0.037593889981508255,0.02731785550713539,0.029943522065877914,0.008879706263542175,0.007650367915630341
200,pairwise,0.03669288754463196,41,4.49188053606997e-07,0.036693336732685565,True,0.0348619669675827,0.03669288754463196,0.025662388652563095,0.027839235961437225,0.009199578315019608,0.008853651583194733
200,pairwise,0.03558497875928879,42,3.4235417833983206e-09,0.03558498218283057,True,0.03558497875928879,0.03526873141527176,0.02678782492876053,0.026043931022286415,0.00879715383052826,0.009224800392985344
200,pairwise,0.03644735738635063,43,4.515749635176924e-06,0.03645187313598581,True,0.03609362244606018,0.03644735738635063,0.02743520587682724,0.027763837948441505,0.00865841656923294,0.008683519437909126
200,pairwise,0.03916625306010246,44,1.1154323816299494e-05,0.03917740738391876,True,0.03916625306010246,0.0362754762172699,0.03211238235235214,0.027833035215735435,0.0070538707077503204,0.008442441001534462
200,pairwise,0.03653383627533913,45,2.0489380694946324e-06,0.03653588521340862,True,0.0360441729426384,0.03653383627533913,0.026857895776629448,0.027909019961953163,0.00918627716600895,0.008624816313385963
200,pairwise,0.038576096296310425,46,2.704542130249621e-07,0.03857636675052345,True,0.038576096296310425,0.036292675882577896,0.031476907432079315,0.028041433542966843,0.00709918886423111,0.008251242339611053
200,pairwise,0.03558832406997681,47,4.5247375964063696e-08,0.03558836931735277,True,0.03556719422340393,0.03558832406997681,0.02594083733856678,0.02633853815495968,0.00962635688483715,0.009249785915017128
200,pairwise,0.03613754361867905,48,1.5811971388751678e-06,0.03613912481581792,True,0.03613754361867905,0.03612262010574341,0.02683091163635254,0.027633212506771088,0.009306631982326508,0.00848940759897232
200,pairwise,0.03809242695569992,49,6.1801411211509505e-06,0.03809860709682107,True,0.03522135317325592,0.03809242695569992,0.025676846504211426,0.030619945377111435,0.009544506669044495,0.007472481578588486
200,pairwise,0.036713190376758575,50,9.212046861648004e-07,0.03671411158144474,True,0.036713190376758575,0.03548678755760193,0.028446372598409653,0.025676153600215912,0.008266817778348923,0.009810633957386017
200,pairwise,0.035963721573352814,51,1.322478057619314e-09,0.03596372289583087,True,0.035963721573352814,0.03584309294819832,0.02734573744237423,0.026976658031344414,0.008617984130978584,0.008866434916853905
200,pairwise,0.036456067115068436,52,7.57005065681049e-07,0.03645682412013412,True,0.03619811683893204,0.036456067115068436,0.027771662920713425,0.028096498921513557,0.008426453918218613,0.008359568193554878
200,pairwise,0.035727210342884064,53,2.81794741749386e-06,0.03573002829030156,True,0.03510068729519844,0.035727210342884064,0.025755371898412704,0.026301387697458267,0.009345315396785736,0.009425822645425797
200,pairwise,0.03766118362545967,54,3.7978648324485387e-06,0.03766498149029212,True,0.03766118362545967,0.03533046692609787,0.029357586055994034,0.026024917140603065,0.008303597569465637,0.009305549785494804
200,pairwise,0.03706120327115059,55,4.8322528600694414e-06,0.03706603552401066,True,0.03706120327115059,0.03550078719854355,0.028708461672067642,0.026421189308166504,0.008352741599082947,0.009079597890377045
200,pairwise,0.03760102763772011,56,5.669370293642784e-07,0.03760159457474947,True,0.03760102763772011,0.03648122400045395,0.02979261241853237,0.027838004752993584,0.0078084152191877365,0.008643219247460365
200,pairwise,0.03739817813038826,57,1.9097141921511906e-06,0.03740008784458041,True,0.03739817813038826,0.03609061986207962,0.02932659722864628,0.027395598590373993,0.008071580901741982,0.008695021271705627
200,pairwise,0.03676155209541321,58,1.56711030263601e-09,0.03676155366252351,True,0.03676155209541321,0.03643209487199783,0.02877611480653286,0.028363408520817757,0.007985437288880348,0.008068686351180077
200,pairwise,0.03600630909204483,59,3.299180418254999e-06,0.036009608272463085,True,0.03600630909204483,0.03588983416557312,0.026836533099412918,0.026563189923763275,0.009169775992631912,0.009326644241809845
200,pairwise,0.036367159336805344,60,1.0905377566816643e-06,0.036368249874562025,True,0.036367159336805344,0.03539278730750084,0.027319898828864098,0.02633761055767536,0.009047260507941246,0.009055176749825478
200,pairwise,0.0373859629034996,61,7.711350932804173e-10,0.0373859636746347,True,0.035376764833927155,0.0373859629034996,0.026277031749486923,0.02938951924443245,0.009099733084440231,0.007996443659067154
200,pairwise,0.038014791905879974,62,7.1814954280824406e-06,0.03802197340130806,True,0.0362754762172699,0.038014791905879974,0.027833035215735435,0.030387241393327713,0.008442441001534462,0.007627550512552261
200,pairwise,0.03959941491484642,63,3.233663737778336e-06,0.0396026485785842,True,0.03959941491484642,0.036324188113212585,0.03066449612379074,0.02764042839407921,0.00893491879105568,0.008683759719133377
200,pairwise,0.036082085222005844,64,1.2926757303466374e-09,0.036082086514681574,True,0.03550078719854355,0.036082085222005844,0.026421189308166504,0.027822664007544518,0.009079597890377045,0.008259421214461327
200,pairwise,0.03676845133304596,65,1.8239598721242478e-06,0.036770275292918084,True,0.03676845133304596,0.035519011318683624,0.02848181128501892,0.026261763647198677,0.008286640048027039,0.009257247671484947
200,pairwise,0.0396597720682621,66,6.223987042904e-05,0.03972201193869114,True,0.035645741969347,0.0396597720682621,0.02649848721921444,0.03230384737253189,0.00914725475013256,0.007355924695730209
200,pairwise,0.038167327642440796,67,5.530088208617612e-06,0.038172857730649414,True,0.038167327642440796,0.03684035688638687,0.030311835929751396,0.029159503057599068,0.0078554917126894,0.007680853828787804
200,pairwise,0.0365879088640213,68,3.0953521782048354e-06,0.036591004216199506,True,0.0365879088640213,0.03615489602088928,0.028346234932541847,0.02764107659459114,0.008241673931479454,0.008513819426298141
200,pairwise,0.03766118362545967,69,4.08172607421764e-07,0.03766159179806709,True,0.037202611565589905,0.03766118362545967,0.029004046693444252,0.029357586055994034,0.008198564872145653,0.008303597569465637
200,pairwise,0.03897842392325401,70,1.4107649214563367e-05,0.038992531572468576,True,0.03897842392325401,0.03654428571462631,0.03171142190694809,0.028132587671279907,0.0072670020163059235,0.008411698043346405
200,pairwise,0.03590031713247299,71,6.987536326080734e-07,0.0359010158861056,True,0.0358022078871727,0.03590031713247299,0.02707984298467636,0.027150936424732208,0.008722364902496338,0.008749380707740784
200,pairwise,0.03844749927520752,72,2.458691583662187e-10,0.03844749952107668,True,0.03844749927520752,0.036470115184783936,0.03089875541627407,0.027677854523062706,0.007548743858933449,0.00879226066172123
200,pairwise,0.037262413650751114,73,2.9921531677357116e-07,0.03726271286606789,True,0.036597076803445816,0.037262413650751114,0.027984408661723137,0.029055075719952583,0.00861266814172268,0.00820733793079853
200,pairwise,0.039766184985637665,74,6.281042471530107e-06,0.039772466028109195,True,0.036344319581985474,0.039766184985637665,0.02741265669465065,0.03286382183432579,0.008931662887334824,0.006902363151311874
200,pairwise,0.03879424184560776,75,2.2351745454507466e-11,0.0387942418679595,True,0.03879424184560776,0.03656492382287979,0.03158356994390488,0.028017682954669,0.007210671901702881,0.008547240868210793
200,pairwise,0.035704173147678375,76,1.6242265726829075e-09,0.03570417477190495,True,0.035704173147678375,0.035239726305007935,0.026732737198472023,0.025985440239310265,0.008971435949206352,0.00925428606569767
200,pairwise,0.036188941448926926,77,2.2016267757496433e-07,0.0361891616116045,True,0.03564935177564621,0.036188941448926926,0.026525041088461876,0.027945930138230324,0.009124310687184334,0.008243011310696602
200,pairwise,0.036329783499240875,78,1.430511473166085e-09,0.03632978492975235,True,0.036329783499240875,0.036185573786497116,0.027068721130490303,0.026625286787748337,0.009261062368750572,0.00956028699874878
200,pairwise,0.036989714950323105,79,7.129001431169235e-06,0.036996843951754274,True,0.03604204207658768,0.036989714950323105,0.02700694464147091,0.028693661093711853,0.009035097435116768,0.008296053856611252
200,pairwise,0.037105742841959,80,2.761030569675693e-06,0.037108503872528675,True,0.037105742841959,0.035802941769361496,0.029003817588090897,0.02699892967939377,0.008101925253868103,0.008804012089967728
200,pairwise,0.036639779806137085,81,1.6763806315323038e-09,0.036639781482517716,True,0.035724688321352005,0.036639779806137085,0.026437226682901382,0.027981413528323174,0.009287461638450623,0.008658366277813911
200,pairwise,0.03734938055276871,82,2.2724271075968971e-10,0.03734938078001142,True,0.03550078719854355,0.03734938055276871,0.026421189308166504,0.029246453195810318,0.009079597890377045,0.00810292735695839
200,pairwise,0.03915957733988762,83,2.169370651244895e-05,0.03918127104640007,True,0.03915957733988762,0.03516850620508194,0.032064542174339294,0.025314565747976303,0.007095035165548325,0.009853940457105637
200,pairwise,0.036185573786497116,84,2.240277826789927e-07,0.036185797814279795,True,0.035687822848558426,0.036185573786497116,0.026037417352199554,0.026625286787748337,0.009650405496358871,0.00956028699874878
200,pairwise,0.03589469939470291,85,8.419156066752365e-10,0.03589470023661852,True,0.03559533879160881,0.03589469939470291,0.026744026690721512,0.02679949626326561,0.008851312100887299,0.009095203131437302
200,pairwise,0.03898647055029869,86,3.167448565363773e-06,0.038989637998864055,True,0.03898647055029869,0.03582563251256943,0.03208303079009056,0.027260322123765945,0.00690343976020813,0.008565310388803482
200,pairwise,0.03648940473794937,87,4.202187992630169e-06,0.036493606925942,True,0.03648940473794937,0.03588379919528961,0.027672266587615013,0.02715909481048584,0.008817138150334358,0.008724704384803772
200,pairwise,0.03597278147935867,88,1.833967864517394e-06,0.03597461544722319,True,0.03597278147935867,0.035309307277202606,0.026535090059041977,0.026302466168999672,0.009437691420316696,0.009006841108202934
200,pairwise,0.03829244524240494,89,6.575137379005724e-10,0.038292445899918676,True,0.035207174718379974,0.03829244524240494,0.025577718392014503,0.03068501129746437,0.009629456326365471,0.007607433944940567
200,pairwise,0.036117780953645706,90,3.864167258144091e-06,0.03612164512090385,True,0.036117780953645706,0.03570591285824776,0.028029225766658783,0.026418279856443405,0.008088555186986923,0.009287633001804352
200,pairwise,0.03600630909204483,91,5.4891016334282505e-06,0.03601179819367826,True,0.03600630909204483,0.035121046006679535,0.026836533099412918,0.02544451132416725,0.009169775992631912,0.009676534682512283
200,pairwise,0.03717070445418358,92,6.407499322791388e-10,0.03717070509493351,True,0.03717070445418358,0.03706120327115059,0.028720242902636528,0.028708461672067642,0.00845046155154705,0.008352741599082947
200,pairwise,0.035309307277202606,93,3.9354525506463123e-07,0.03530970082245767,True,0.035309307277202606,0.03506210446357727,0.026302466168999672,0.0254940465092659,0.009006841108202934,0.00956805795431137
200,pairwise,0.037293240427970886,94,3.471225500095709e-08,0.03729327514022589,True,0.037293240427970886,0.03604204207658768,0.028842058032751083,0.02700694464147091,0.008451182395219803,0.009035097435116768
200,pairwise,0.03695540875196457,95,4.649518989027768e-06,0.0369600582709536,True,0.03695540875196457,0.034889109432697296,0.028602465987205505,0.02534661628305912,0.008352942764759064,0.009542493149638176
200,pairwise,0.037262413650751114,96,4.438506439330414e-06,0.037266852157190444,True,0.037262413650751114,0.03685476630926132,0.029055075719952583,0.02827639691531658,0.00820733793079853,0.00857836939394474
200,pairwise,0.03685476630926132,97,1.7827317118648822e-05,0.03687259362637997,True,0.03599289432168007,0.03685476630926132,0.026914596557617188,0.02827639691531658,0.009078297764062881,0.00857836939394474
200,pairwise,0.035906825214624405,98,1.4954991638671533e-06,0.03590832071378827,True,0.03566315025091171,0.035906825214624405,0.02610682137310505,0.027412451803684235,0.009556328877806664,0.00849437341094017
200,pairwise,0.03600481525063515,99,1.492944546044317e-06,0.03600630819518119,True,0.03600481525063515,0.035201121121644974,0.027185145765542984,0.026019515469670296,0.008819669485092163,0.009181605651974678
200,pairwise,0.03578193485736847,100,4.296919330952498e-06,0.03578623177669942,True,0.035727210342884064,0.03578193485736847,0.026301387697458267,0.02635023556649685,0.009425822645425797,0.00943169929087162
200,pairwise,0.0358022078871727,101,2.635319251570456e-07,0.035802471419097856,True,0.0358022078871727,0.03558908402919769,0.02707984298467636,0.026317104697227478,0.008722364902496338,0.009271979331970215
200,pairwise,0.0372890941798687,102,5.859024822738035e-07,0.03728968008235097,True,0.0372890941798687,0.03611942380666733,0.02966182492673397,0.027589507400989532,0.0076272692531347275,0.008529916405677795
200,pairwise,0.03656492382287979,103,5.327872931934485e-07,0.036565456610172985,True,0.03656492382287979,0.03566315025091171,0.028017682954669,0.02610682137310505,0.008547240868210793,0.009556328877806664
200,pairwise,0.03633875027298927,104,3.5883337259276504e-06,0.0363423386067152,True,0.03529210388660431,0.03633875027298927,0.02560064196586609,0.02789946086704731,0.00969146192073822,0.008439289405941963
200,pairwise,0.03750259429216385,105,3.674823790787707e-06,0.03750626911595464,True,0.03750259429216385,0.035658542066812515,0.02921629324555397,0.026461610570549965,0.008286301046609879,0.00919693149626255
200,pairwise,0.03621193394064903,106,3.4837257117045772e-06,0.03621541766636074,True,0.03544436767697334,0.03621193394064903,0.026343626901507378,0.02775346301496029,0.009100740775465965,0.008458470925688744
200,pairwise,0.035829365253448486,107,5.302831530572261e-06,0.03583466808497906,True,0.035829365253448486,0.03550713509321213,0.02682383917272091,0.02621806040406227,0.009005526080727577,0.009289074689149857
200,pairwise,0.037880536168813705,108,1.8038861453531507e-06,0.03788234005495906,True,0.03588680177927017,0.037880536168813705,0.026697076857089996,0.030238747596740723,0.009189724922180176,0.007641788572072983
200,pairwise,0.03671114891767502,109,1.1017043143532468e-06,0.03671225062198937,True,0.03671114891767502,0.03615875542163849,0.028788503259420395,0.027317427098751068,0.007922645658254623,0.00884132832288742
200,pairwise,0.03806021064519882,110,1.6327346209432658e-05,0.038076537991408255,True,0.03588489815592766,0.03806021064519882,0.027067333459854126,0.030808696523308754,0.008817564696073532,0.007251514121890068
200,pairwise,0.038136158138513565,111,3.6854887730461416e-06,0.03813984362728661,True,0.038136158138513565,0.035907380282878876,0.03068930096924305,0.02723797783255577,0.0074468571692705154,0.008669402450323105
200,pairwise,0.03582872450351715,112,7.450581818169155e-12,0.03582872451096773,True,0.03582872450351715,0.03544436767697334,0.026608837768435478,0.026343626901507378,0.009219886735081673,0.009100740775465965
200,pairwise,0.038081537932157516,113,7.2598753031311025e-06,0.03808879780746065,True,0.036324188113212585,0.038081537932157516,0.02764042839407921,0.030148806050419807,0.008683759719133377,0.007932731881737709
200,pairwise,0.03761747479438782,114,4.42579761147921e-06,0.0376219005919993,True,0.03509652614593506,0.03761747479438782,0.025593141093850136,0.029585856944322586,0.009503385052084923,0.008031617850065231
200,pairwise,0.03563547879457474,115,1.239113509653167e-06,0.03563671790808439,True,0.035603106021881104,0.03563547879457474,0.02608909085392952,0.02666240558028221,0.009514015167951584,0.008973073214292526
200,pairwise,0.03959769010543823,116,6.515467911958478e-05,0.03966284478455782,True,0.03959769010543823,0.037083327770233154,0.03271789476275444,0.0289263054728508,0.006879795342683792,0.008157022297382355
200,pairwise,0.036917053163051605,117,1.3585351407510715e-06,0.036918411698192356,True,0.035786714404821396,0.036917053163051605,0.02698453888297081,0.028327476233243942,0.008802175521850586,0.008589576929807663
200,pairwise,0.03684384003281593,118,9.065334685143256e-06,0.036852905367501076,True,0.03634432703256607,0.03684384003281593,0.027769437059760094,0.028727073222398758,0.008574889972805977,0.008116766810417175
200,pairwise,0.035741452127695084,119,1.239328486918323e-06,0.035742691456182,True,0.035741452127695084,0.035239726305007935,0.026383494958281517,0.025985440239310265,0.009357957169413567,0.00925428606569767
200,pairwise,0.03606389835476875,120,6.848946213708351e-07,0.036064583249390124,True,0.035292983055114746,0.03606389835476875,0.025524523109197617,0.026350755244493484,0.00976845994591713,0.009713143110275269
200,pairwise,0.03876591846346855,121,5.343055352567683e-06,0.03877126151882112,True,0.03876591846346855,0.03709051012992859,0.03146303817629814,0.028693752363324165,0.00730288028717041,0.008396757766604424
200,pairwise,0.037040092051029205,122,1.4826655389543753e-09,0.037040093533694744,True,0.037040092051029205,0.03582318127155304,0.028870839625597,0.026744253933429718,0.008169252425432205,0.009078927338123322
200,pairwise,0.03550518676638603,123,2.0301435142769386e-06,0.03550721690990031,True,0.03550518676638603,0.03518778830766678,0.026642607524991035,0.025462409481406212,0.008862579241394997,0.009725378826260567
200,pairwise,0.03742440417408943,124,5.651246756319117e-07,0.037424969298765064,True,0.036625079810619354,0.03742440417408943,0.02818368375301361,0.029725059866905212,0.008441396057605743,0.007699344307184219
200,pairwise,0.03695540875196457,125,1.2988895177826199e-06,0.03695670764148235,True,0.03695540875196457,0.0352916494011879,0.028602465987205505,0.02614760398864746,0.008352942764759064,0.009144045412540436
200,pairwise,0.03600630909204483,126,9.387606754895916e-06,0.036015696698799726,True,0.03600630909204483,0.03574543446302414,0.026836533099412918,0.026801418513059616,0.009169775992631912,0.008944015949964523
200,pairwise,0.038809359073638916,127,4.24401250202211e-05,0.03885179919865914,True,0.03757590055465698,0.038809359073638916,0.029804544523358345,0.03138957545161247,0.007771356031298637,0.0074197836220264435
200,pairwise,0.0396597720682621,128,5.063146352769776e-06,0.03966483521461487,True,0.0396597720682621,0.03734200820326805,0.03230384737253189,0.029614347964525223,0.007355924695730209,0.007727660238742828
200,pairwise,0.036191947758197784,129,1.8512490205443988e-06,0.03619379900721833,True,0.03564935177564621,0.036191947758197784,0.026525041088461876,0.027361463755369186,0.009124310687184334,0.008830484002828598
200,pairwise,0.04066051170229912,130,3.03761661052393e-06,0.04066354931890964,True,0.03550407290458679,0.04066051170229912,0.026215078309178352,0.033778250217437744,0.00928899459540844,0.006882261484861374
200,pairwise,0.0374695360660553,131,6.141141057000588e-07,0.037470150180161,True,0.03543891757726669,0.0374695360660553,0.025749338790774345,0.02909783273935318,0.009689578786492348,0.008371703326702118
200,pairwise,0.0374695360660553,132,2.8972998261447835e-06,0.03747243336588144,True,0.03558805584907532,0.0374695360660553,0.026277877390384674,0.02909783273935318,0.009310178458690643,0.008371703326702118
200,pairwise,0.03576158732175827,133,2.160668373385466e-09,0.035761589482426644,True,0.03527519851922989,0.03576158732175827,0.026335448026657104,0.026828322559595108,0.008939750492572784,0.008933264762163162
200,pairwise,0.0404958501458168,134,5.295845121144893e-05,0.04054880859702825,True,0.03626693785190582,0.0404958501458168,0.0276788342744112,0.03388991206884384,0.008588103577494621,0.006605938076972961
200,pairwise,0.03652024641633034,135,1.368869096039782e-06,0.03652161528542638,True,0.03652024641633034,0.03621380031108856,0.02817634306848049,0.027665821835398674,0.008343903347849846,0.008547978475689888
200,pairwise,0.036917053163051605,136,1.5327334403764103e-07,0.03691720643639564,True,0.036344319581985474,0.036917053163051605,0.02741265669465065,0.028327476233243942,0.008931662887334824,0.008589576929807663
200,pairwise,0.03781960904598236,137,1.521461457014428e-05,0.037834823660552505,True,0.03781960904598236,0.03769991919398308,0.030204491689801216,0.0301685594022274,0.007615117356181145,0.007531359791755676
200,pairwise,0.03674941509962082,138,1.585647463796247e-06,0.036751000747084615,True,0.03674941509962082,0.03654428571462631,0.028573011979460716,0.028132587671279907,0.008176403120160103,0.008411698043346405
200,pairwise,0.035455454140901566,139,5.420036613967838e-07,0.03545599614456296,True,0.035455454140901566,0.035208240151405334,0.026141861453652382,0.025904254987835884,0.009313592687249184,0.00930398516356945
200,pairwise,0.036917053163051605,140,4.4676661491160896e-07,0.03691749992966652,True,0.03539186343550682,0.036917053163051605,0.026394719257950783,0.028327476233243942,0.008997144177556038,0.008589576929807663
200,pairwise,0.037697553634643555,141,5.1352288573947025e-06,0.03770268886350095,True,0.037697553634643555,0.03576158732175827,0.02959219366312027,0.026828322559595108,0.008105359971523285,0.008933264762163162
200,pairwise,0.03680548816919327,142,2.6571266353164757e-06,0.036808145295828584,True,0.036438342183828354,0.03680548816919327,0.02812925912439823,0.02840803749859333,0.008309083059430122,0.008397450670599937
200,pairwise,0.037337593734264374,143,1.236538833472578e-05,0.0373499591225991,True,0.037337593734264374,0.0359792560338974,0.02937353029847145,0.027202151715755463,0.007964063435792923,0.008777104318141937
200,pairwise,0.03766164928674698,144,3.0216469895094633e-06,0.03766467093373649,True,0.03739817813038826,0.03766164928674698,0.02932659722864628,0.029598567634820938,0.008071580901741982,0.00806308165192604
200,pairwise,0.038246601819992065,145,7.926537655293664e-06,0.03825452835764736,True,0.038246601819992065,0.036510173231363297,0.030324852094054222,0.028173577040433884,0.007921749725937843,0.008336596190929413
200,pairwise,0.037085141986608505,146,7.457969477403514e-06,0.03709259995608591,True,0.03624372556805611,0.037085141986608505,0.02753300592303276,0.029138479381799698,0.008710719645023346,0.007946662604808807
200,pairwise,0.03690437227487564,147,1.4581754803622005e-06,0.036905830450356,True,0.03690437227487564,0.03668694943189621,0.02830193191766739,0.028330478817224503,0.008602440357208252,0.008356470614671707
200,pairwise,0.03681744635105133,148,5.002858117220121e-06,0.03682244920916855,True,0.03681744635105133,0.03510236367583275,0.028386058285832405,0.02583555318415165,0.008431388065218925,0.009266810491681099
200,pairwise,0.036015208810567856,149,4.775375127830106e-07,0.03601568634808064,True,0.036015208810567856,0.03528185188770294,0.02720150724053383,0.026118354871869087,0.008813701570034027,0.009163497015833855
200,pairwise,0.04176740348339081,150,1.5139654278781278e-06,0.041768917448818686,True,0.04176740348339081,0.03677784651517868,0.035338144749403,0.028587698936462402,0.006429258733987808,0.008190147578716278
200,pairwise,0.03635255992412567,151,4.275664687164449e-07,0.03635298749059439,True,0.035247139632701874,0.03635255992412567,0.026026949286460876,0.027668632566928864,0.009220190346240997,0.008683927357196808
200,pairwise,0.035413242876529694,152,5.595572292807494e-07,0.035413802433758974,True,0.03482253849506378,0.035413242876529694,0.02504013665020466,0.025860495865345,0.009782401844859123,0.009552747011184692
200,pairwise,0.03606133908033371,153,3.864526748657837e-06,0.03606520360708237,True,0.03606133908033371,0.03529210388660431,0.026813877746462822,0.02560064196586609,0.009247461333870888,0.00969146192073822
200,pairwise,0.03588983416557312,154,9.089373052134642e-07,0.035890743102878334,True,0.03509652614593506,0.03588983416557312,0.025593141093850136,0.026563189923763275,0.009503385052084923,0.009326644241809845
200,pairwise,0.03693142533302307,155,9.164214109791402e-10,0.03693142624944448,True,0.035099610686302185,0.03693142533302307,0.02569686435163021,0.028574535623192787,0.009402746334671974,0.008356889709830284
200,pairwise,0.037999846041202545,156,1.0797120630741397e-05,0.03801064316183329,True,0.037999846041202545,0.03544119745492935,0.030587343499064445,0.0260879248380661,0.0074125025421381,0.00935327261686325
200,pairwise,0.03786143660545349,157,1.1980768293146093e-05,0.03787341737374664,True,0.03786143660545349,0.03615960851311684,0.029958529397845268,0.027694188058376312,0.007902907207608223,0.008465420454740524
200,pairwise,0.0382591113448143,158,6.906669586900782e-06,0.0382660180144012,True,0.0382591113448143,0.035390015691518784,0.03079657070338726,0.02568049542605877,0.00746254064142704,0.009709520265460014
200,pairwise,0.03703282028436661,159,4.195503424855862e-06,0.037037015787791464,True,0.03624075651168823,0.03703282028436661,0.027823638170957565,0.02919808030128479,0.008417118340730667,0.007834739983081818
200,pairwise,0.04017825797200203,160,2.1292818710209882e-05,0.04019955079071224,True,0.0388435535132885,0.04017825797200203,0.03169649466872215,0.03319639340043068,0.007147058844566345,0.00698186457157135
200,pairwise,0.03621380031108856,161,6.765477359296779e-06,0.03622056578844786,True,0.03621380031108856,0.03530512750148773,0.027665821835398674,0.02535797469317913,0.008547978475689888,0.009947152808308601
200,pairwise,0.03686366602778435,162,2.891175245184341e-07,0.036863955145308866,True,0.03686366602778435,0.03672346845269203,0.02886810526251793,0.028482379391789436,0.007995560765266418,0.008241089060902596
200,pairwise,0.0382591113448143,163,5.986120551824958e-06,0.038265097465366125,True,0.035303473472595215,0.0382591113448143,0.02615494653582573,0.03079657070338726,0.009148526936769485,0.00746254064142704
200,pairwise,0.03541797399520874,164,1.2356042861927374e-06,0.03541920959949493,True,0.03475791960954666,0.03541797399520874,0.025336498394608498,0.02622196078300476,0.009421421214938164,0.00919601321220398
200,pairwise,0.03898905962705612,165,8.769851177932442e-06,0.038997829478234054,True,0.03809577226638794,0.03898905962705612,0.030516866594552994,0.03150052949786186,0.007578905671834946,0.00748853012919426
200,pairwise,0.038369111716747284,166,2.28732824347766e-09,0.03836911400407553,True,0.0382591113448143,0.038369111716747284,0.03079657070338726,0.03101210854947567,0.00746254064142704,0.007357003167271614
200,pairwise,0.041614167392253876,167,0.00014799737185239997,0.041762164764106276,True,0.041614167392253876,0.03740239515900612,0.03517656773328781,0.029668569564819336,0.0064375996589660645,0.007733825594186783
200,pairwise,0.03591293841600418,168,3.662733215614722e-07,0.03591330468932574,True,0.03591293841600418,0.03487781062722206,0.027240252122282982,0.024909112602472305,0.008672686293721199,0.009968698024749756
200,pairwise,0.036202676594257355,169,1.5143603086451018e-06,0.036204190954566,True,0.03603672608733177,0.036202676594257355,0.027070509269833565,0.027708234265446663,0.008966216817498207,0.008494442328810692
200,pairwise,0.03657924383878708,170,1.4580476796255404e-05,0.036593824315583334,True,0.035509590059518814,0.03657924383878708,0.026251548901200294,0.02813209779560566,0.00925804115831852,0.00844714604318142
200,pairwise,0.0360286608338356,171,4.932135343541089e-07,0.036029154047369956,True,0.0360286608338356,0.03506233170628548,0.027140339836478233,0.025461329147219658,0.008888320997357368,0.009601002559065819
200,pairwise,0.036015208810567856,172,6.694160401693461e-08,0.03601527575217187,True,0.036015208810567856,0.035761844366788864,0.02720150724053383,0.026843437924981117,0.008813701570034027,0.008918406441807747
200,pairwise,0.03786143660545349,173,6.671436131033825e-07,0.037862103749066595,True,0.03786143660545349,0.03695540875196457,0.029958529397845268,0.028602465987205505,0.007902907207608223,0.008352942764759064
200,pairwise,0.038081537932157516,174,1.1341471690684557e-05,0.0380928794038482,True,0.037337593734264374,0.038081537932157516,0.02937353029847145,0.030148806050419807,0.007964063435792923,0.007932731881737709
200,pairwise,0.03570440411567688,175,9.468078613281139e-06,0.03571387219429016,True,0.035494692623615265,0.03570440411567688,0.02687772735953331,0.02636958472430706,0.008616965264081955,0.00933481939136982
200,pairwise,0.03755031153559685,176,8.20838194340312e-06,0.03755851991754025,True,0.036625079810619354,0.03755031153559685,0.02818368375301361,0.029449736699461937,0.008441396057605743,0.00810057483613491
200,pairwise,0.0360286608338356,177,3.941893577573408e-06,0.036032602727413175,True,0.034889109432697296,0.0360286608338356,0.02534661628305912,0.027140339836478233,0.009542493149638176,0.008888320997357368
200,pairwise,0.03529366850852966,178,3.5621491260851013e-06,0.03529723065765575,True,0.03529366850852966,0.03526785969734192,0.026296133175492287,0.02553313598036766,0.008997535333037376,0.009734723716974258
200,pairwise,0.03653629869222641,179,1.7986446618906138e-07,0.0365364785566926,True,0.03647255152463913,0.03653629869222641,0.027658505365252495,0.02763044275343418,0.008814046159386635,0.008905855938792229
200,pairwise,0.03812810033559799,180,4.426110519761828e-10,0.038128100778209044,True,0.03812810033559799,0.0367414727807045,0.030498560518026352,0.02839907631278038,0.00762953981757164,0.008342396467924118
200,pairwise,0.03692502900958061,181,2.751840511364123e-07,0.03692530419363175,True,0.03692502900958061,0.03475791960954666,0.02934538759291172,0.025336498394608498,0.007579641416668892,0.009421421214938164
200,pairwise,0.03648956120014191,182,8.301120251415217e-06,0.03649786232039332,True,0.035925064235925674,0.03648956120014191,0.027070123702287674,0.028207559138536453,0.008854940533638,0.008282002061605453
200,pairwise,0.037468258291482925,183,3.2590311020638807e-06,0.03747151732258499,True,0.03738699480891228,0.037468258291482925,0.029202017933130264,0.02925691567361355,0.008184976875782013,0.008211342617869377
200,pairwise,0.037462495267391205,184,7.82366562634973e-06,0.037470318933017555,True,0.037462495267391205,0.035693056881427765,0.029832763597369194,0.02708858996629715,0.007629731670022011,0.008604466915130615
200,pairwise,0.03594053536653519,185,8.549541213875855e-10,0.03594053622148931,True,0.03555198013782501,0.03594053536653519,0.026352372020483017,0.02736099623143673,0.009199608117341995,0.008579539135098457
200,pairwise,0.03588680177927017,186,1.1705793440119905e-07,0.03588691883720457,True,0.03588680177927017,0.035121046006679535,0.026697076857089996,0.02544451132416725,0.009189724922180176,0.009676534682512283
200,pairwise,0.037374287843704224,187,2.136616734788044e-06,0.03737642446043901,True,0.03601542115211487,0.037374287843704224,0.02722080610692501,0.02921012043952942,0.008794615045189857,0.008164167404174805
200,pairwise,0.038924284279346466,188,3.9175748825087675e-06,0.038928201854228975,True,0.0368926040828228,0.038924284279346466,0.0284967552870512,0.03152146190404892,0.008395848795771599,0.007402822375297546
200,pairwise,0.036902911961078644,189,3.2244026660910308e-06,0.036906136363744735,True,0.03550036996603012,0.036902911961078644,0.026499979197978973,0.0282256081700325,0.009000390768051147,0.008677303791046143
200,pairwise,0.03830873593688011,190,4.0251910686517345e-06,0.03831276112794876,True,0.0363859198987484,0.03830873593688011,0.027688827365636826,0.030415978282690048,0.008697092533111572,0.007892757654190063
200,pairwise,0.03674941509962082,191,4.665553569871417e-08,0.03674946175515652,True,0.03578802943229675,0.03674941509962082,0.02687799371778965,0.028573011979460716,0.008910035714507103,0.008176403120160103
200,pairwise,0.03884834423661232,192,2.5704503109347243e-10,0.03884834449365735,True,0.035664863884449005,0.03884834423661232,0.026562584564089775,0.031296439468860626,0.00910227932035923,0.007551904767751694
200,pairwise,0.036689985543489456,193,2.991442669963984e-09,0.036689988534932126,True,0.036689985543489456,0.036350078880786896,0.0284828282892704,0.027613753452897072,0.008207157254219055,0.008736325427889824
200,pairwise,0.03550713509321213,194,1.5064328909297764e-07,0.03550728573650122,True,0.03550713509321213,0.03522820025682449,0.02621806040406227,0.025706462562084198,0.009289074689149857,0.009521737694740295
200,pairwise,0.035741452127695084,195,7.557682674130817e-10,0.03574145288346335,True,0.03501921892166138,0.035741452127695084,0.02547711320221424,0.026383494958281517,0.009542105719447136,0.009357957169413567
200,pairwise,0.03766118362545967,196,3.4253112971768807e-06,0.03766460893675685,True,0.03766118362545967,0.03634257987141609,0.029357586055994034,0.027648232877254486,0.008303597569465637,0.008694346994161606
200,pairwise,0.03684558346867561,197,1.4273276319753947e-06,0.03684701079630759,True,0.035802941769361496,0.03684558346867561,0.02699892967939377,0.02873249538242817,0.008804012089967728,0.008113088086247444
200,pairwise,0.036921046674251556,198,1.94460153535303e-09,0.03692104861885309,True,0.035167157649993896,0.036921046674251556,0.025435179471969604,0.029001440852880478,0.009731978178024292,0.007919605821371078
200,pairwise,0.03882654756307602,199,1.624919474127462e-06,0.03882817248255015,True,0.03882654756307602,0.03501921892166138,0.030924996361136436,0.02547711320221424,0.007901551201939583,0.009542105719447136
