dataset,input_dim,replicate,width,level_type,threshold,eligible_models,pairs,sampled_gap_max,sampled_gap_median,path_upper_max,path_upper_q90,direct_upper_max,proof_upper_max,proof_upper_q90,certificate_width_max,certified_success_rate,unresolved_segments
ridge_teacher_binary,4,0,8,fixed,0.13106322484514552,8,3,0.02745580672210432,0.0034077043966009024,0.04191041564573875,0.03498669485686665,0.36250788852813076,0.5017431686291358,0.5010569068575231,0.014454608923634427,0.0,181
ridge_teacher_binary,4,0,8,moving,0.13596451556248826,8,3,0.00035848843837141264,0.0001281622490702794,0.0014943825701028424,0.0013727952347301286,0.37265759970317236,0.8138293124869611,0.7497455638003148,0.0011358941317314297,0.0,261
ridge_teacher_binary,4,0,16,fixed,0.13106322484514552,8,3,0.0007038530924220743,1.002122592755339e-05,0.0031225197589863918,0.0025951969576673397,0.17973523323263987,1.010231092961857,0.9616168885060938,0.0024186666665643175,0.0,299
ridge_teacher_binary,4,0,16,moving,0.1325581412664826,8,3,0.0008132831161351828,2.0880228465164352e-05,0.001840121028750391,0.0016700406297896042,0.22420887484252014,1.0087361765405198,0.9601219720847567,0.0010268379126152083,0.0,220
ridge_teacher_binary,4,0,32,fixed,0.13106322484514552,8,3,8.24281004732641e-06,7.170348797796988e-06,0.0006903852070348493,0.0005887166172743819,0.10244335182701772,0.9576368734209597,0.9364661153698273,0.0006832148582370523,0.0,213
ridge_teacher_binary,4,0,32,moving,0.12963558951731669,8,3,0.0016343031700469246,0.0003005656373580856,0.005323883573792237,0.004732126899932998,0.15672565790340948,0.9590645087487886,0.9378937506976561,0.003689580403745313,0.0,261
ridge_teacher_binary,4,0,64,fixed,0.13106322484514552,8,3,7.190148592600698e-06,5.873617739543535e-06,0.00016073625665680158,0.00015700061892700567,0.10866304068315816,0.5032634299996795,0.49568021511314114,0.00016258792057521898,0.0,182
ridge_teacher_binary,4,0,64,moving,0.12765763307029077,8,3,0.004839319976452761,0.004508784600993909,0.012134323608640696,0.011827832195243249,0.14731282459173023,0.10156742126401824,0.10156742126401824,0.008531253738246203,0.0,151
ridge_teacher_binary,4,0,128,fixed,0.13106322484514552,8,3,4.733236756621073e-06,4.683858610826652e-06,0.00028253266120312204,0.0002543977753667492,0.13848692106302293,0.004572190658817532,0.004572190658817532,0.00028851371155258487,0.0,170
ridge_teacher_binary,4,0,128,moving,0.1264866786351228,8,3,0.09977626334875683,0.08379635367405233,0.134903562948899,0.13180928329413188,0.134903562948899,0.0006185600737499408,0.0005764656506931975,0.03563581100101107,0.0,3
ridge_teacher_binary,4,1,8,fixed,0.13106322484514552,6,3,0.262154918050036,0.004079499232073069,0.2998167921826369,0.24135597814529589,0.2998167921826369,0.9327107927355951,0.8960325465507132,0.03766187413260097,0.0,147
ridge_teacher_binary,4,1,8,moving,0.13596451556248826,7,3,0.00010571110718471388,5.559808176180958e-05,0.001276941075709248,0.0011327296066994785,0.2994043476385507,0.9278095020182524,0.9168990362283989,0.0012213429939474385,0.0,223
ridge_teacher_binary,4,1,16,fixed,0.13106322484514552,8,3,0.00023944463307559727,0.00019367192977795544,0.0020356435299651032,0.0019068515358872163,0.15781557250206737,1.092110809502621,1.0454223073330295,0.0018419716001871478,0.0,295
ridge_teacher_binary,4,1,16,moving,0.1325581412664826,8,3,0.00032468888989875544,4.330489253051573e-06,0.0013652994411711694,0.0011398989522782954,0.25575415272484014,1.090615893081284,1.0723456774513698,0.001040610551272414,0.0,251
ridge_teacher_binary,4,1,32,fixed,0.13106322484514552,8,3,8.359159210796774e-06,6.586672462588483e-06,0.00035921210501219103,0.00033885818243489243,0.09299288995640953,0.8757136074380139,0.8007257450617542,0.00035534890723321055,0.0,230
ridge_teacher_binary,4,1,32,moving,0.12963558951731669,8,3,0.00020174616575877047,4.883141279607428e-05,0.001276111597472901,0.0011387839942253175,0.14286464600174875,0.8398597789052358,0.7723282093010976,0.0010743654317141305,0.0,319
ridge_teacher_binary,4,1,64,fixed,0.13106322484514552,8,3,9.624736630742259e-06,0.0,0.00017510550034566252,0.00017364372880299684,0.14785740345459789,0.9755125486095362,0.9710257699208391,0.00018144409608342182,0.0,157
ridge_teacher_binary,4,1,64,moving,0.12765763307029077,8,3,0.0011047112201926501,0.0007406640747231186,0.004208992243021431,0.0041871354505551295,0.10494715786322256,0.10156742126401824,0.10156742126401824,0.0034683281682983125,0.0,285
ridge_teacher_binary,4,1,128,fixed,0.13106322484514552,8,3,8.34273476113534e-06,0.0,0.00025694525446726124,0.0002371584699684015,0.1278189419963097,0.004572190658817532,0.004572190658817532,0.00025756304324447976,0.0,140
ridge_teacher_binary,4,1,128,moving,0.1264866786351228,8,3,0.014080647914734262,0.01407282505826618,0.02993772081012397,0.029891332151401905,0.10868550535851673,0.0006185600737499408,0.0006185600737499408,0.015864895751857788,0.0,46
ridge_teacher_binary,4,2,8,fixed,0.13106322484514552,7,3,0.2984304405328607,0.0007322177978452971,0.33834778013621236,0.27116978436264977,0.33834778013621236,0.9255228470434991,0.9178115296555238,0.03991733960335164,0.0,146
ridge_teacher_binary,4,2,8,moving,0.13596451556248826,8,3,0.0010538264643105422,0.0001002035790022282,0.0032676753429430605,0.002839936134407306,0.23943307258850502,0.9206215563261564,0.8896771786814186,0.0022138488786325183,0.0,213
ridge_teacher_binary,4,2,16,fixed,0.13106322484514552,8,3,0.0007614833126042275,3.913418930051593e-05,0.0023470392204111568,0.0020971045770799444,0.1526794136245805,0.8937753232769872,0.8070551952182312,0.0015855559078069292,0.0,276
ridge_teacher_binary,4,2,16,moving,0.1325581412664826,8,3,0.0002010383110303271,8.60419304111737e-05,0.0013972306544849378,0.0012815277598994812,0.1557319927225371,0.48001519405006465,0.4773703744639301,0.001311188724073764,0.0,273
ridge_teacher_binary,4,2,32,fixed,0.13106322484514552,8,3,7.852791578416563e-06,3.5061650930645616e-06,0.0003163400935753957,0.00030271708741548277,0.12102537536026811,1.1043913826357112,1.0451398686860793,0.00031283392848233116,0.0,190
ridge_teacher_binary,4,2,32,moving,0.12963558951731669,8,3,0.0019733291559931587,0.0001330343706618109,0.005035142422059852,0.004273120199482933,0.1747069689510416,1.10581901796354,1.0465675040139082,0.003061813266066693,0.0,296
ridge_teacher_binary,4,2,64,fixed,0.13106322484514552,8,3,8.451067461084927e-06,7.691532719344973e-07,0.00021548974612461969,0.00021028289970673186,0.19278934557507113,0.8128268888210086,0.7472316313606551,0.00020703867866353476,0.0,209
ridge_teacher_binary,4,2,64,moving,0.12765763307029077,8,3,0.06414717569580028,0.06153072411136962,0.09554776714803212,0.09439686130334841,0.16558050446722206,0.10156742126401824,0.10156742126401824,0.03140059145223184,0.0,99
ridge_teacher_binary,4,2,128,fixed,0.13106322484514552,8,3,0.0,0.0,0.0002305033095875153,0.00021054420666933305,0.13700557701825586,0.004572190658817532,0.004572190658817532,0.00025520030153783346,0.0,109
ridge_teacher_binary,4,2,128,moving,0.1264866786351228,8,3,0.07524079842461334,0.07429583460494688,0.10970547018881138,0.10911589824109191,0.12028976657791532,0.0006185600737499408,0.0006185600737499408,0.03446467176419804,0.0,16
ridge_teacher_binary,4,3,8,fixed,0.13106322484514552,6,3,0.11118633705880429,0.09311319921085717,0.1417819330756124,0.13783384090581727,0.1417819330756124,1.016085393671171,0.9999491477645337,0.030595596016808113,0.0,79
ridge_teacher_binary,4,3,8,moving,0.13596451556248826,8,3,0.4235169335676453,0.0001508110751563263,0.46614644441140596,0.37305063556618506,0.46614644441140596,1.2090133891973753,1.169447531948666,0.042629510843760654,0.0,90
ridge_teacher_binary,4,3,16,fixed,0.13106322484514552,8,3,0.0022680787589522133,0.0011379031218793911,0.006594839413172043,0.005955860579788786,0.15861565640012412,1.01455830305909,0.9861299362314284,0.00432676065421983,0.0,276
ridge_teacher_binary,4,3,16,moving,0.1325581412664826,8,3,0.00013902766157017354,5.340360989078419e-05,0.001080926290616624,0.0010365850045387704,0.20153652697924826,1.023179280959111,0.9927277352671778,0.0009418986290464504,0.0,290
ridge_teacher_binary,4,3,32,fixed,0.13106322484514552,8,3,9.742144368246608e-06,4.889899700460942e-06,0.00037957364346824507,0.0003451347975343078,0.1288714038185554,1.036733427216918,1.0106437747869608,0.00037468374376778413,0.0,267
ridge_teacher_binary,4,3,32,moving,0.12963558951731669,8,3,0.0005424922603975701,0.0004169918852174326,0.002846347402655769,0.0027936211407158795,0.14165392727288822,0.907712800394961,0.9035226802697541,0.0023038551422581988,0.0,264
ridge_teacher_binary,4,3,64,fixed,0.13106322484514552,8,3,9.28600158325854e-06,4.59512840003673e-06,0.0002870095194120459,0.0002659489663760561,0.11471441685922831,0.4804278929000614,0.3852567524518126,0.00027772351782878735,0.0,218
ridge_teacher_binary,4,3,64,moving,0.12765763307029077,8,3,0.01584015802285421,0.00837325650773657,0.032857286604762115,0.03069112498231281,0.10765362340152324,0.10156742126401824,0.08284949349794905,0.017017128581907903,0.0,147
ridge_teacher_binary,4,3,128,fixed,0.13106322484514552,8,3,5.499302459494038e-06,0.0,0.0002809596052203711,0.0002525708690349904,0.12648478668626376,0.004572190658817532,0.004572190658817532,0.0002754603027608771,0.0,147
ridge_teacher_binary,4,3,128,moving,0.1264866786351228,8,3,0.10892987198176979,0.10152477735600926,0.1470714488556304,0.14571867056703153,0.1470714488556304,0.0006185600737499408,0.0004948480589999527,0.0387827800566268,0.0,16
ridge_teacher_binary,4,4,8,fixed,0.13106322484514552,7,3,0.009900479989721572,0.006185976045185809,0.02136884524097013,0.019559307200254096,0.17786985495244192,1.4110841192293935,1.2282540220823377,0.011468365251248558,0.0,138
ridge_teacher_binary,4,4,8,moving,0.13596451556248826,8,3,0.0001764516038439412,5.1381645427145406e-05,0.0007641671920784188,0.0007570211538606763,0.3603875677476256,1.4061828285120508,1.3589574456099074,0.0006770553555625614,0.0,151
ridge_teacher_binary,4,4,16,fixed,0.13106322484514552,8,3,0.0005470581547027675,0.0002930796107102618,0.002272090336276955,0.002198407147800474,0.16317014195278182,1.2523368767891734,1.2511613146587062,0.0021964355580126604,0.0,276
ridge_teacher_binary,4,4,16,moving,0.1325581412664826,8,3,4.417238783388511e-06,1.4433613304831727e-06,0.000537886901300938,0.0005089055678973997,0.13235358690049195,1.2508419603678362,1.2115177924639735,0.0005382145666249227,0.0,218
ridge_teacher_binary,4,4,32,fixed,0.13106322484514552,8,3,5.599702054825961e-06,4.953504325971858e-06,0.0006240376887069743,0.0005540689979246615,0.17231347898716295,1.1109424788366966,1.0847828204459595,0.0006184379866521483,0.0,249
ridge_teacher_binary,4,4,32,moving,0.12963558951731669,8,3,5.6046785992969195e-05,8.768271699849395e-06,0.0012073736563009696,0.0010959729535645947,0.08622764505406044,1.1123701141645255,0.988077543512212,0.0011513268703080004,0.0,274
ridge_teacher_binary,4,4,64,fixed,0.13106322484514552,8,3,8.42199037995317e-06,7.959558984887982e-06,0.0001529928422041582,0.00015018964385202227,0.11376618636768113,0.924211441174394,0.9216678155192475,0.00014457085182420504,0.0,193
ridge_teacher_binary,4,4,64,moving,0.12765763307029077,8,3,0.003357786313374689,0.003040989541588046,0.008396742701537119,0.008373599574423251,0.12383796410562176,0.10156742126401824,0.10156742126401824,0.005896683054421092,0.0,227
ridge_teacher_binary,4,4,128,fixed,0.13106322484514552,8,3,8.547768068245531e-06,3.5812020994507865e-06,0.0002711826706795206,0.0002475373063774322,0.12417512271429623,0.004572190658817532,0.004572190658817532,0.0002626349026112751,0.0,104
ridge_teacher_binary,4,4,128,moving,0.1264866786351228,8,3,0.018777069505115263,0.016329799688541646,0.03798583788049764,0.03724611452923864,0.14803994041713892,0.0006185600737499408,0.0006185600737499408,0.01920876837538238,0.0,17
ridge_teacher_binary,4,5,8,fixed,0.13106322484514552,8,3,0.01821791530392633,0.014292978926544658,0.029558880867495696,0.02757537256114328,0.4575242540032697,0.88643439831584,0.8723583514788538,0.011340965563569366,0.0,195
ridge_teacher_binary,4,5,8,moving,0.13596451556248826,8,3,0.0001727683978666461,9.8449123038441e-05,0.0013709872685342406,0.0012320942185851224,0.18452911087951115,0.8331405542648294,0.8287430180945766,0.0011982188706675945,0.0,200
ridge_teacher_binary,4,5,16,fixed,0.13106322484514552,8,3,0.00022364676925504257,3.579772166259487e-05,0.0009643436442338116,0.0009387030087623871,0.31180546241578755,0.9402496980933792,0.9248865620542517,0.0009285459225712167,0.0,306
ridge_teacher_binary,4,5,16,moving,0.1325581412664826,8,3,8.979239884077117e-06,2.2243548976896843e-06,0.00036647744294468487,0.0003508938824886454,0.12183165738435195,0.9011755435305951,0.8933282551197571,0.00035749820306060776,0.0,161
ridge_teacher_binary,4,5,32,fixed,0.13106322484514552,8,3,9.96074870615593e-06,8.162044236842414e-06,0.00038423363275927325,0.0003718384123729823,0.15269521812990958,0.5115982577598185,0.5005462484569393,0.00037607158852243083,0.0,303
ridge_teacher_binary,4,5,32,moving,0.12963558951731669,8,3,0.0033077069527773784,0.0026641221818801686,0.0077307994190499996,0.007503038276825041,0.15255187134193576,0.8220615276940081,0.760254400772736,0.004423092466272621,0.0,228
ridge_teacher_binary,4,5,64,fixed,0.13106322484514552,8,3,7.064729782207957e-06,6.081443742061987e-06,0.0002434594540519086,0.0002419788127426159,0.14019764964415313,0.463860262329729,0.4623218094938487,0.00023639472426970065,0.0,174
ridge_teacher_binary,4,5,64,moving,0.12765763307029077,8,3,0.01183582966876856,0.004793967718480507,0.02712097701749641,0.023930013773072134,0.13099088408874265,0.10156742126401824,0.10156742126401824,0.015285147348727851,0.0,139
ridge_teacher_binary,4,5,128,fixed,0.13106322484514552,8,3,9.853540491294721e-06,6.843191231814538e-06,0.0002756218266421473,0.0002754366811347886,0.1643704899144404,0.004572190658817532,0.004572190658817532,0.0002756444539640801,0.0,177
ridge_teacher_binary,4,5,128,moving,0.1264866786351228,8,3,0.09225997284282228,0.013707450463160076,0.1277069391990699,0.10814408557191924,0.1277069391990699,0.0006185600737499408,0.0005955185120559758,0.03544696635624761,0.0,28
ridge_teacher_binary,4,6,8,fixed,0.13106322484514552,7,3,0.004118749879756384,0.003759591287289449,0.008028085816885355,0.00782610848718993,0.18065000407586843,0.8888187138490438,0.8135849854023697,0.004451452290505004,0.0,230
ridge_teacher_binary,4,6,8,moving,0.13596451556248826,8,3,0.0019256901677229266,0.0010077453570543071,0.0036870482742950295,0.0036187805655857217,0.2508621888917356,0.5276797878427675,0.5236935864538801,0.0023379643736941846,0.0,185
ridge_teacher_binary,4,6,16,fixed,0.13106322484514552,8,3,0.00033187625322980696,9.427169263992452e-05,0.001828028432332901,0.0016771722557874125,0.1795711822020211,1.0714886266423247,0.960062635216726,0.001496152179103094,0.0,314
ridge_teacher_binary,4,6,16,moving,0.1325581412664826,8,3,4.7580754978238105e-05,3.9062067045320115e-05,0.0007880424421036203,0.0007652376960684215,0.265965168825415,0.5128637530929938,0.5118825602840551,0.0007404616871253822,0.0,274
ridge_teacher_binary,4,6,32,fixed,0.13106322484514552,8,3,9.92706863295334e-06,9.226408839463351e-06,0.00038672519887830714,0.0003626884126025964,0.2968254874111216,1.1016150380717724,1.0540785657151657,0.00038054340676824117,0.0,280
ridge_teacher_binary,4,6,32,moving,0.12963558951731669,8,3,9.930990477213797e-05,8.992148941566747e-06,0.001131776411019969,0.0010185384311974799,0.17006630143511947,1.1030426733996013,1.0539609734932964,0.001032466506247831,0.0,310
ridge_teacher_binary,4,6,64,fixed,0.13106322484514552,8,3,2.1711893036235885e-06,0.0,0.00029098474933828,0.0002617649041064873,0.13866441294716267,0.9879729352198949,0.9686800953660091,0.0002888135600346564,0.0,183
ridge_teacher_binary,4,6,64,moving,0.12765763307029077,8,3,0.09165323397825673,0.010529189540777972,0.12450197094572146,0.10459169129400182,0.13592588114742765,0.10156742126401824,0.10156742126401824,0.03284873696746474,0.0,129
ridge_teacher_binary,4,6,128,fixed,0.13106322484514552,8,3,7.87605731486507e-06,7.717414433644487e-06,0.00015296415574553301,0.00015288571858329547,0.15035763899584234,0.004572190658817532,0.004572190658817532,0.00014508809843066794,0.0,129
ridge_teacher_binary,4,6,128,moving,0.1264866786351228,8,3,0.09739844210140036,0.0123922015036661,0.13347201040345263,0.11235125388482584,0.13347201040345263,0.0006185600737499408,0.0006185600737499408,0.03607356830205227,0.0,34
ridge_teacher_binary,4,7,8,fixed,0.13106322484514552,7,3,0.007976925399177659,0.0012194813952126349,0.015580350531821802,0.013244417329605863,0.18562244141143017,0.8717806743747578,0.8431552404847003,0.007603425132644143,0.0,184
ridge_teacher_binary,4,7,8,moving,0.13596451556248826,8,3,0.23458392484678078,0.0004558177602556057,0.2737462038820586,0.21934228077494355,0.32419035336161217,0.8727678174067897,0.8715901306569147,0.03916227903527786,0.0,171
ridge_teacher_binary,4,7,16,fixed,0.13106322484514552,8,3,0.0009526187226438776,0.0004223008424684427,0.0022495704406800543,0.00224445569074323,0.26404629101949284,1.0744713856783112,1.025110195628431,0.0018272695982116116,0.0,325
ridge_teacher_binary,4,7,16,moving,0.1325581412664826,8,3,8.066047149096756e-05,4.90337567807253e-06,0.0009757537482061318,0.000848266509458856,0.2754918742742348,1.072976469256974,0.9515954487127682,0.0008950932767151643,0.0,223
ridge_teacher_binary,4,7,32,fixed,0.13106322484514552,8,3,9.552490053826856e-06,7.063095141923714e-06,0.00037899984750836,0.0003725771463368055,0.15192458414689727,1.0928518371358866,1.060840222492307,0.00036944735745453317,0.0,300
ridge_teacher_binary,4,7,32,moving,0.12963558951731669,8,3,9.41754819291929e-05,8.643084459858397e-06,0.0015114363395664632,0.0012743071960637288,0.1645708348644661,1.0942794724637155,1.0622678578201359,0.0014172608576372703,0.0,320
ridge_teacher_binary,4,7,64,fixed,0.13106322484514552,8,3,7.926955724046891e-06,7.408845527273611e-06,0.0002837539697705671,0.00026214416842980094,0.11957998914699611,0.8917311667361119,0.8048727923453364,0.0002766138354994008,0.0,184
ridge_teacher_binary,4,7,64,moving,0.12765763307029077,8,3,0.01454249757648643,0.004326081962280792,0.031632201120424,0.027968093195760563,0.1214001442583785,0.10156742126401824,0.10156742126401824,0.017089703543937573,0.0,152
ridge_teacher_binary,4,7,128,fixed,0.13106322484514552,8,3,8.368523435248187e-06,1.5223522013274593e-06,0.0002650772524513678,0.00023781944450353422,0.11845922714668189,0.004572190658817532,0.004572190658817532,0.0002673495392861436,0.0,141
ridge_teacher_binary,4,7,128,moving,0.1264866786351228,8,3,0.09309632564480558,0.08615618186187807,0.12821008382508076,0.12669390114796353,0.12821008382508076,0.002138974476539074,0.0018348915959812474,0.03511375818027518,0.0,8
ridge_teacher_binary,4,8,8,fixed,0.13106322484514552,7,3,0.013905214816030909,0.009045036335610795,0.026190684830256328,0.024160181246715578,0.27907232007004923,1.0500842234708534,1.0335949422772353,0.01228547001422542,0.0,198
ridge_teacher_binary,4,8,8,moving,0.13596451556248826,8,3,0.00026719654669368764,9.308522382900364e-06,0.001915855658865151,0.0016272211083625144,0.23073867136905066,0.8345415982367054,0.8053898879601691,0.0016486591121714633,0.0,176
ridge_teacher_binary,4,8,16,fixed,0.13106322484514552,8,3,0.0015473838120838856,0.00024544648930632795,0.00519148933704866,0.0044416581168179314,0.1684540568364669,0.47377280209334705,0.4710598204666962,0.0036441055249647747,0.0,286
ridge_teacher_binary,4,8,16,moving,0.1325581412664826,8,3,0.0001750910602971445,9.487668333141297e-06,0.0011975768575002432,0.0011501156260088075,0.25583519968784607,0.5172434451464157,0.5082503332515346,0.0010224857972030987,0.0,245
ridge_teacher_binary,4,8,32,fixed,0.13106322484514552,8,3,6.109128693559951e-06,2.1192437356376548e-06,0.00025490476498354897,0.0002478251071018567,0.12201710827799081,0.8322611375226123,0.8277804447041165,0.000248795636289989,0.0,232
ridge_teacher_binary,4,8,32,moving,0.12963558951731669,8,3,0.0003276958363188087,0.00013586128306780632,0.001553672350245422,0.0015074143647601235,0.07448263281169387,0.835910055666485,0.8354657991032762,0.0014178110671776156,0.0,240
ridge_teacher_binary,4,8,64,fixed,0.13106322484514552,8,3,8.000747737740843e-06,4.412684454252469e-06,0.0002743495025683551,0.0002659131878046117,0.15233433226587403,0.9475282787665478,0.9379500214452702,0.00026634875483061426,0.0,200
ridge_teacher_binary,4,8,64,moving,0.12765763307029077,8,3,0.06518702353886954,0.004876208282710737,0.09530258702137018,0.07861764540865317,0.10322641862059359,0.10156742126401824,0.10156742126401824,0.030115563482500635,0.0,145
ridge_teacher_binary,4,8,128,fixed,0.13106322484514552,8,3,7.362678117378563e-06,0.0,0.0002920692626210142,0.00028450772885051936,0.13578547146014183,0.004572190658817532,0.004572190658817532,0.00029475850174032203,0.0,146
ridge_teacher_binary,4,8,128,moving,0.1264866786351228,8,3,0.016225370579976667,0.013628373498141028,0.03403092359832588,0.03298427829781505,0.1184837117398925,0.0006185600737499408,0.0006185600737499408,0.017805553018349213,0.0,11
ridge_teacher_binary,4,9,8,fixed,0.13106322484514552,6,3,0.005151931463733023,0.004192773294366209,0.009095788447517489,0.00878788589225773,0.21310642608749983,1.0500195170407047,0.94002465451405,0.003943856983784466,0.0,189
ridge_teacher_binary,4,9,8,moving,0.13596451556248826,7,3,0.30290970126453365,0.00030126351188189404,0.34130078749996473,0.27319952356933347,0.34130078749996473,1.045118226323362,0.9351233637967074,0.03839108623543103,0.0,95
ridge_teacher_binary,4,9,16,fixed,0.13106322484514552,8,3,0.0003942698864781713,0.0001502469042943544,0.002404338784701837,0.0021090648671875933,0.23775860155885623,0.5238818954943008,0.5153177921239019,0.002010068898223666,0.0,320
ridge_teacher_binary,4,9,16,moving,0.1325581412664826,8,3,0.00040444353826743495,5.7819162271599556e-06,0.0017152497390851007,0.001473898622421488,0.26827972364955466,0.9224950420357444,0.8424734294431883,0.0013108062008176657,0.0,210
ridge_teacher_binary,4,9,32,fixed,0.13106322484514552,8,3,0.0001209703124012973,2.0503465948479294e-05,0.0008445639135381267,0.0008211342777088626,0.19415396851705521,1.0413094431823295,1.0051358565339061,0.0007235936011368294,0.0,265
ridge_teacher_binary,4,9,32,moving,0.12963558951731669,8,3,0.001939746932297537,1.1911495109623305e-05,0.00518075209707719,0.004231278796209936,0.15162032589615432,1.0427370785101584,1.005172181670252,0.0032410051647796534,0.0,309
ridge_teacher_binary,4,9,64,fixed,0.13106322484514552,8,3,1.0587602673750585e-06,0.0,0.0002103453700496305,0.00019894477972294268,0.1365637212382698,0.9879305213048906,0.8822064043222491,0.00022989065020337374,0.0,154
ridge_teacher_binary,4,9,64,moving,0.12765763307029077,8,3,0.0030595589271117385,0.002656331777159432,0.007860709896842039,0.0078060367073037205,0.11201757423741315,0.10156742126401824,0.10156742126401824,0.004931012171991017,0.0,247
ridge_teacher_binary,4,9,128,fixed,0.13106322484514552,8,3,1.789500968657487e-06,0.0,0.0002508517633110219,0.000230922774718334,0.14403066648837773,0.004572190658817532,0.004572190658817532,0.0002534071000541427,0.0,135
ridge_teacher_binary,4,9,128,moving,0.1264866786351228,8,3,0.018437711985531513,0.01771354854745233,0.03728324225904803,0.03714032492503349,0.15850956064525118,0.0006185600737499408,0.0004948480589999527,0.018855107041523017,0.0,36
