dataset,input_dim,replicate,width,model_index,reserve_neurons,support_before,support_after,cluster_size,cluster_diameter,objective_before,objective_after,objective_increase,positive_increase,lemma_upper_increment,bound_respected
ridge_teacher_binary,2,0,8,0,4,8,1,8,1.9482449776320196,0.15397415515500978,0.6439676996058783,0.4899935444508685,0.4899935444508685,60.48794961709049,True
ridge_teacher_binary,2,0,8,1,4,8,1,8,1.958431567368021,0.15534533541304663,0.4231171503576858,0.2677718149446392,0.2677718149446392,61.528545013634,True
ridge_teacher_binary,2,0,8,2,4,8,1,8,1.93712475913745,0.15300014073297039,0.41602477094647206,0.26302463021350164,0.26302463021350164,58.863923065914825,True
ridge_teacher_binary,2,0,8,3,4,8,1,8,1.950651515293867,0.15509615206052527,0.7046167236310085,0.5495205715704832,0.5495205715704832,61.329469159737144,True
ridge_teacher_binary,2,0,8,4,4,8,1,8,1.9327964446585504,0.15296980600925103,0.5778232535266327,0.42485344751738163,0.42485344751738163,58.628356883131744,True
ridge_teacher_binary,2,0,8,5,4,8,1,8,1.9374844527169055,0.15299013361307456,1.9240088795043915,1.771018745891317,1.771018745891317,59.02796597342159,True
ridge_teacher_binary,2,0,8,6,4,8,1,8,1.941881987350249,0.15297602584520195,0.5810004899665603,0.4280244641213583,0.4280244641213583,58.772360574262976,True
ridge_teacher_binary,2,0,8,7,4,8,1,8,1.9369778016717725,0.1530410922261437,0.42073702152316156,0.26769592929701785,0.26769592929701785,59.05177274026587,True
ridge_teacher_binary,2,0,16,0,4,16,1,16,1.9449350624931308,0.15314538580591056,0.4132828760143604,0.2601374902084499,0.2601374902084499,42.19328474095067,True
ridge_teacher_binary,2,0,16,1,4,16,1,16,1.9432020394738014,0.15289870115067317,1.9400428928866382,1.787144191735965,1.787144191735965,42.15112379252005,True
ridge_teacher_binary,2,0,16,2,4,16,1,16,1.9592081494298312,0.15599464847265737,0.7287746342811805,0.5727799858085232,0.5727799858085232,41.08010822883537,True
ridge_teacher_binary,2,0,16,3,4,16,1,16,1.9434516463963771,0.15283686433130886,0.5642685634641642,0.4114316991328554,0.4114316991328554,41.74274832685937,True
ridge_teacher_binary,2,0,16,4,4,16,1,16,1.9506530341544863,0.15363503396439904,1.8295144258141547,1.6758793918497557,1.6758793918497557,42.70175915105753,True
ridge_teacher_binary,2,0,16,5,4,16,1,16,1.94153663060033,0.1528323770229842,2.0017667162696244,1.8489343392466402,1.8489343392466402,41.735012166165625,True
ridge_teacher_binary,2,0,16,6,4,16,1,16,1.9497466014758815,0.1533218362013412,1.8744791048148302,1.721157268613489,1.721157268613489,42.357916729366046,True
ridge_teacher_binary,2,0,16,7,4,16,1,16,1.9509818526564102,0.15367644142616518,1.8092580467846846,1.6555816053585195,1.6555816053585195,42.67559603517623,True
ridge_teacher_binary,2,0,32,0,4,32,19,14,0.03668076396970525,0.15283321266234684,0.15293506116583516,0.00010184850348832208,0.00010184850348832208,29.748394706668897,True
ridge_teacher_binary,2,0,32,1,4,28,28,0,0.0,0.15395792878713355,0.15395792878713355,0.0,0.0,30.1245141329691,True
ridge_teacher_binary,2,0,32,2,4,32,14,19,0.03574193480447198,0.15313689148349618,0.15320920522687562,7.231374337943186e-05,7.231374337943186e-05,30.00054237682232,True
ridge_teacher_binary,2,0,32,3,4,32,16,17,0.04498666665959227,0.15289384421538638,0.15299511333508597,0.00010126911969959851,0.00010126911969959851,29.939787726760585,True
ridge_teacher_binary,2,0,32,4,4,32,20,13,0.18395434423491677,0.1536660121727879,0.1547794013749194,0.0011133892021314984,0.0011133892021314984,30.01313631908917,True
ridge_teacher_binary,2,0,32,5,4,32,18,15,0.3260793882418466,0.1543669779942453,0.1544676384710823,0.00010066047683698898,0.00010066047683698898,29.689515722235395,True
ridge_teacher_binary,2,0,32,6,4,31,18,14,0.3075105942082373,0.1538915441578419,0.15471607150847733,0.0008245273506354289,0.0008245273506354289,29.95827601547039,True
ridge_teacher_binary,2,0,32,7,4,32,21,12,0.006641999650304268,0.1554481772449961,0.15544545955198683,-2.717693009274269e-06,0.0,28.87903719823718,True
ridge_teacher_binary,2,0,64,0,4,62,41,22,0.09316455637085654,0.1545040387634431,0.15490076243501413,0.0003967236715710365,0.0003967236715710365,21.178702343921977,True
ridge_teacher_binary,2,0,64,1,4,64,37,28,0.04590182026098876,0.15357227806353774,0.15373663916231026,0.0001643610987725197,0.0001643610987725197,21.22200834593841,True
ridge_teacher_binary,2,0,64,2,4,60,60,0,0.0,0.1538115330645305,0.1538115330645305,0.0,0.0,21.384706327732445,True
ridge_teacher_binary,2,0,64,3,4,46,46,0,0.0,0.1538305063659312,0.1538305063659312,0.0,0.0,21.32036215916328,True
ridge_teacher_binary,2,0,64,4,4,62,39,24,0.1796612285883545,0.1538968670564775,0.15438395331566052,0.0004870862591830061,0.0004870862591830061,21.40767821571374,True
ridge_teacher_binary,2,0,64,5,4,64,37,28,0.04054505382195268,0.15319645431771242,0.15318740129943545,-9.053018276972136e-06,0.0,21.022758578154527,True
ridge_teacher_binary,2,0,64,6,4,61,37,25,0.051201074986809404,0.1535550970062383,0.15358403057746306,2.8933571224770693e-05,2.8933571224770693e-05,21.28397646060278,True
ridge_teacher_binary,2,0,64,7,4,60,60,0,0.0,0.1538497939933832,0.1538497939933832,0.0,0.0,21.351494390158017,True
ridge_teacher_binary,2,0,128,0,4,99,99,0,0.0,0.15386249958593076,0.15386249958593076,0.0,0.0,15.062823298165315,True
ridge_teacher_binary,2,0,128,1,4,111,111,0,0.0,0.1541736119366939,0.1541736119366939,0.0,0.0,14.83285637622769,True
ridge_teacher_binary,2,0,128,2,4,103,103,0,0.0,0.15367889950011682,0.15367889950011682,0.0,0.0,15.044082549436107,True
ridge_teacher_binary,2,0,128,3,4,89,89,0,0.0,0.15377290384277514,0.15377290384277514,0.0,0.0,15.07888730746978,True
ridge_teacher_binary,2,0,128,4,4,109,109,0,0.0,0.1537197008970485,0.1537197008970485,0.0,0.0,14.96300923697094,True
ridge_teacher_binary,2,0,128,5,4,97,97,0,0.0,0.15382859893396444,0.15382859893396444,0.0,0.0,15.109545510650506,True
ridge_teacher_binary,2,0,128,6,4,88,88,0,0.0,0.15375063493742874,0.15375063493742874,0.0,0.0,15.032692149826689,True
ridge_teacher_binary,2,0,128,7,4,100,100,0,0.0,0.15378529076599112,0.15378529076599112,0.0,0.0,15.106991464606027,True
ridge_teacher_binary,2,1,8,0,4,8,1,8,1.9178568967481733,0.15317374366362654,0.4267710553802904,0.2735973117166639,0.2735973117166639,58.1921953478235,True
ridge_teacher_binary,2,1,8,1,4,8,1,8,1.9446153426774033,0.1536071675867904,0.42553036339303474,0.27192319580624436,0.27192319580624436,56.68257953420696,True
ridge_teacher_binary,2,1,8,2,4,8,1,8,1.956197619654909,0.1544393213532281,0.41899571651167383,0.26455639515844576,0.26455639515844576,61.08205094286782,True
ridge_teacher_binary,2,1,8,3,4,8,1,8,1.895730932576794,0.20765025128080336,2.013593686728627,1.8059434354478237,1.8059434354478237,49.44546100153934,True
ridge_teacher_binary,2,1,8,4,4,8,1,8,1.89494074934231,0.20741834996730704,2.1386318040899797,1.9312134541226726,1.9312134541226726,51.25418366005463,True
ridge_teacher_binary,2,1,8,5,4,8,1,8,1.918042866064981,0.15689418849748243,1.5836978577745702,1.4268036692770878,1.4268036692770878,54.429308006112784,True
ridge_teacher_binary,2,1,8,6,4,8,1,8,1.9353324759640702,0.15322018410420613,1.8238473297812223,1.6706271456770163,1.6706271456770163,57.0504881395787,True
ridge_teacher_binary,2,1,8,7,4,8,1,8,1.938931810180873,0.15319832867045624,0.48517477315326635,0.3319764444828101,0.3319764444828101,58.58585923408719,True
ridge_teacher_binary,2,1,16,0,4,16,1,16,1.948123339920021,0.15359551091222076,1.8296095791940554,1.6760140682818347,1.6760140682818347,42.63250148454226,True
ridge_teacher_binary,2,1,16,1,4,16,1,16,1.9531843935921265,0.15372482063731224,0.5987558905630133,0.445031069925701,0.445031069925701,42.040498519833314,True
ridge_teacher_binary,2,1,16,2,4,16,1,16,1.939074937008648,0.15286298416123753,1.923168234562206,1.7703052504009686,1.7703052504009686,41.40976682706791,True
ridge_teacher_binary,2,1,16,3,4,16,1,16,1.9575667398315255,0.15422862732994747,1.6712941679421465,1.5170655406121991,1.5170655406121991,42.12561893207622,True
ridge_teacher_binary,2,1,16,4,4,16,1,16,1.9574596332965657,0.15627489155978208,0.7694881860603322,0.6132132945005502,0.6132132945005502,37.68596350042672,True
ridge_teacher_binary,2,1,16,5,4,16,1,16,1.9509099636272675,0.153654939785768,1.8976649291829215,1.7440099893971535,1.7440099893971535,42.91597034557831,True
ridge_teacher_binary,2,1,16,6,4,16,1,16,1.9538515312151694,0.1543621311477914,1.779232459933921,1.6248703287861297,1.6248703287861297,40.01183080865415,True
ridge_teacher_binary,2,1,16,7,4,16,1,16,1.9555120542930733,0.15398473294637724,1.8444917719694656,1.6905070390230883,1.6905070390230883,43.05586026510441,True
ridge_teacher_binary,2,1,32,0,4,32,20,13,0.3082550225686256,0.1534491799944309,0.15748428146193394,0.004035101467503049,0.004035101467503049,28.18578385923691,True
ridge_teacher_binary,2,1,32,1,4,32,19,14,0.03645535316765011,0.15404274354798203,0.15404170200840273,-1.0415395793050841e-06,0.0,29.788404121495297,True
ridge_teacher_binary,2,1,32,2,4,32,16,17,0.05983033418107485,0.1531764790394699,0.1532423494791887,6.587043971878481e-05,6.587043971878481e-05,30.01224529768242,True
ridge_teacher_binary,2,1,32,3,4,32,18,15,0.2985727911238695,0.15335625858092378,0.15763741855443858,0.004281159973514803,0.004281159973514803,29.77256861436315,True
ridge_teacher_binary,2,1,32,4,4,32,17,16,0.34679020310546615,0.1547609903665401,0.1555386918709012,0.0007777015043611002,0.0007777015043611002,28.440030191933,True
ridge_teacher_binary,2,1,32,5,4,32,20,13,0.020136107955876472,0.15326632543007712,0.15325730203723237,-9.02339284475362e-06,0.0,29.841806809682456,True
ridge_teacher_binary,2,1,32,6,4,32,19,14,0.2877760403588625,0.15308285138971953,0.15310505715617814,2.220576645861616e-05,2.220576645861616e-05,30.0068039590149,True
ridge_teacher_binary,2,1,32,7,4,31,19,13,0.015955492797083304,0.15408370544608513,0.15408270179434141,-1.0036517437139736e-06,0.0,30.0069640806,True
ridge_teacher_binary,2,1,64,0,4,61,37,25,0.02693019299262908,0.15398302738378172,0.1539951914634542,1.2164079672472017e-05,1.2164079672472017e-05,21.413373725987668,True
ridge_teacher_binary,2,1,64,1,4,59,59,0,0.0,0.15394244797183387,0.15394244797183387,0.0,0.0,21.354647176511477,True
ridge_teacher_binary,2,1,64,2,4,59,59,0,0.0,0.1534996088024579,0.1534996088024579,0.0,0.0,21.336808249183203,True
ridge_teacher_binary,2,1,64,3,4,60,60,0,0.0,0.15388397980468066,0.15388397980468066,0.0,0.0,21.39382955935004,True
ridge_teacher_binary,2,1,64,4,4,63,37,27,0.057589833747044954,0.15371206656123326,0.1538693511579295,0.00015728459669622774,0.00015728459669622774,21.372821362440703,True
ridge_teacher_binary,2,1,64,5,4,57,57,0,0.0,0.1538594560311575,0.1538594560311575,0.0,0.0,21.386303904479817,True
ridge_teacher_binary,2,1,64,6,4,52,52,0,0.0,0.1537397728414107,0.1537397728414107,0.0,0.0,21.42455592441697,True
ridge_teacher_binary,2,1,64,7,4,59,59,0,0.0,0.15302312573166837,0.15302312573166837,0.0,0.0,21.03326905150663,True
ridge_teacher_binary,2,1,128,0,4,76,76,0,0.0,0.15378121149414742,0.15378121149414742,0.0,0.0,15.07109636786975,True
ridge_teacher_binary,2,1,128,1,4,114,114,0,0.0,0.1538467110501853,0.1538467110501853,0.0,0.0,14.77498929863511,True
ridge_teacher_binary,2,1,128,2,4,94,94,0,0.0,0.15377083228712346,0.15377083228712346,0.0,0.0,15.074925080082183,True
ridge_teacher_binary,2,1,128,3,4,98,98,0,0.0,0.1538546402378422,0.1538546402378422,0.0,0.0,15.129541876600474,True
ridge_teacher_binary,2,1,128,4,4,102,102,0,0.0,0.1535892973312693,0.1535892973312693,0.0,0.0,15.01185935403073,True
ridge_teacher_binary,2,1,128,5,4,109,109,0,0.0,0.1535397408800498,0.1535397408800498,0.0,0.0,15.023881353383556,True
ridge_teacher_binary,2,1,128,6,4,105,105,0,0.0,0.15305831179944057,0.15305831179944057,0.0,0.0,14.94995027295694,True
ridge_teacher_binary,2,1,128,7,4,85,85,0,0.0,0.15373371111297757,0.15373371111297757,0.0,0.0,15.06090093112702,True
ridge_teacher_binary,2,2,8,0,4,8,1,8,1.9526864297843178,0.1537328490579825,0.6094133775453466,0.4556805284873641,0.4556805284873641,57.13899700217397,True
ridge_teacher_binary,2,2,8,1,4,8,1,8,1.9365970368828187,0.20685069583747098,0.3936626554885859,0.18681195965111494,0.18681195965111494,53.004688870943816,True
ridge_teacher_binary,2,2,8,2,4,8,1,8,1.9576945183786822,0.1551476971553132,0.41490656325537817,0.25975886610006493,0.25975886610006493,57.13620011979697,True
ridge_teacher_binary,2,2,8,3,4,8,1,8,1.9368993516744002,0.15298719908665387,0.4158324621546709,0.26284526306801703,0.26284526306801703,58.796314487322526,True
ridge_teacher_binary,2,2,8,4,4,8,1,8,1.9505864327407174,0.15358754849219303,0.5923693108479756,0.4387817623557826,0.4387817623557826,56.584572148754745,True
ridge_teacher_binary,2,2,8,5,4,8,1,8,1.9560449777617779,0.15646140672116404,1.4005304600911168,1.2440690533699528,1.2440690533699528,56.16247922719959,True
ridge_teacher_binary,2,2,8,6,4,8,1,8,1.9248788976000717,0.2052454305346057,0.639148760785562,0.43390333025095634,0.43390333025095634,54.050758493195914,True
ridge_teacher_binary,2,2,8,7,4,8,1,8,1.9421287161957015,0.1537070788994487,0.4176584256868646,0.26395134678741594,0.26395134678741594,58.52436730004577,True
ridge_teacher_binary,2,2,16,0,4,16,1,16,1.9530178010030677,0.15391147108904119,0.4201301337491175,0.2662186626600763,0.2662186626600763,41.81702197008456,True
ridge_teacher_binary,2,2,16,1,4,16,1,16,1.9478263537393619,0.1539708521068115,1.6586470846631165,1.504676232556305,1.504676232556305,42.44454984071481,True
ridge_teacher_binary,2,2,16,2,4,16,1,16,1.921121419922915,0.20492694868333705,2.1412042751424636,1.9362773264591264,1.9362773264591264,38.95250698986532,True
ridge_teacher_binary,2,2,16,3,4,16,1,16,1.9571594452604544,0.15575641147563146,0.40985198168255177,0.2540955702069203,0.2540955702069203,39.30282645375361,True
ridge_teacher_binary,2,2,16,4,4,16,1,16,1.9564847496599878,0.15466910761283187,1.5441225702989005,1.3894534626860686,1.3894534626860686,41.500109164860156,True
ridge_teacher_binary,2,2,16,5,4,16,1,16,1.9506600121641127,0.1538705924560112,2.115410531489821,1.9615399390338095,1.9615399390338095,40.08314220480464,True
ridge_teacher_binary,2,2,16,6,4,16,1,16,1.9240870612858594,0.15355212066025994,0.6235918632808276,0.4700397426205677,0.4700397426205677,42.0194161911024,True
ridge_teacher_binary,2,2,16,7,4,16,1,16,1.9386158999604535,0.15284143837798317,1.9438856272652163,1.791044188887233,1.791044188887233,42.00431057577639,True
ridge_teacher_binary,2,2,32,0,4,32,16,17,0.0555861840580614,0.15286318652429856,0.15289778642937674,3.459990507817534e-05,3.459990507817534e-05,29.870578139371023,True
ridge_teacher_binary,2,2,32,1,4,32,20,13,0.18005794087234933,0.15326664678754953,0.15604039037056625,0.0027737435830167134,0.0027737435830167134,29.93385021823302,True
ridge_teacher_binary,2,2,32,2,4,31,16,16,0.3263789221088434,0.15350831529655168,0.1548599849237523,0.0013516696272006246,0.0013516696272006246,29.690215947903177,True
ridge_teacher_binary,2,2,32,3,4,32,19,14,0.03280323779550952,0.15385538863453763,0.15386769544076112,1.2306806223494338e-05,1.2306806223494338e-05,30.207979752286032,True
ridge_teacher_binary,2,2,32,4,4,31,17,15,0.2993970241278257,0.1537634942957926,0.15388088306229075,0.00011738876649813879,0.00011738876649813879,30.026076334484518,True
ridge_teacher_binary,2,2,32,5,4,32,21,12,0.04307375923159933,0.15349179240404426,0.15350201035112,1.0217947075730205e-05,1.0217947075730205e-05,29.819215931616085,True
ridge_teacher_binary,2,2,32,6,4,31,18,14,0.26800975348826567,0.153937617114453,0.15437900237454993,0.0004413852600969326,0.0004413852600969326,30.162481221133795,True
ridge_teacher_binary,2,2,32,7,4,32,19,14,0.025709822503552728,0.1540437749883306,0.15403359557310872,-1.0179415221883703e-05,0.0,30.132233408238466,True
ridge_teacher_binary,2,2,64,0,4,64,41,24,0.4705967425501491,0.15470207096447935,0.15469910007784182,-2.9708866375321996e-06,0.0,21.384739114226445,True
ridge_teacher_binary,2,2,64,1,4,58,58,0,0.0,0.1538383214890053,0.1538383214890053,0.0,0.0,21.320928462043174,True
ridge_teacher_binary,2,2,64,2,4,64,37,28,0.031955640289647674,0.1533171649317187,0.15343897723769825,0.00012181230597954618,0.00012181230597954618,21.147554534081006,True
ridge_teacher_binary,2,2,64,3,4,58,58,0,0.0,0.15383849146170758,0.15383849146170758,0.0,0.0,21.38894528985112,True
ridge_teacher_binary,2,2,64,4,4,62,36,27,0.3048731341317735,0.1534886295896169,0.15994189970003966,0.006453270110422765,0.006453270110422765,21.14473652897374,True
ridge_teacher_binary,2,2,64,5,4,59,59,0,0.0,0.15368216958875786,0.15368216958875786,0.0,0.0,21.284531668415976,True
ridge_teacher_binary,2,2,64,6,4,62,35,28,0.04329334719265138,0.15295713955926707,0.1529614884949007,4.348935633641249e-06,4.348935633641249e-06,21.054464584995046,True
ridge_teacher_binary,2,2,64,7,4,63,35,29,0.03501582024122193,0.15390214249385314,0.15396520940021308,6.306690635993206e-05,6.306690635993206e-05,21.36325932436669,True
ridge_teacher_binary,2,2,128,0,4,95,95,0,0.0,0.15374228789953387,0.15374228789953387,0.0,0.0,15.102964587373561,True
ridge_teacher_binary,2,2,128,1,4,93,93,0,0.0,0.15392558106521728,0.15392558106521728,0.0,0.0,15.083097809586686,True
ridge_teacher_binary,2,2,128,2,4,103,103,0,0.0,0.1538187543664591,0.1538187543664591,0.0,0.0,15.094305328411156,True
ridge_teacher_binary,2,2,128,3,4,97,97,0,0.0,0.1538395667700573,0.1538395667700573,0.0,0.0,15.123346994840006,True
ridge_teacher_binary,2,2,128,4,4,93,93,0,0.0,0.15351640648757586,0.15351640648757586,0.0,0.0,15.034787576614939,True
ridge_teacher_binary,2,2,128,5,4,85,85,0,0.0,0.1537494773243178,0.1537494773243178,0.0,0.0,15.118616834661383,True
ridge_teacher_binary,2,2,128,6,4,101,101,0,0.0,0.15359143004620426,0.15359143004620426,0.0,0.0,15.035841385424133,True
ridge_teacher_binary,2,2,128,7,4,88,88,0,0.0,0.15366953896917696,0.15366953896917696,0.0,0.0,15.027893673765155,True
ridge_teacher_binary,2,3,8,0,4,8,1,8,1.9516935805319726,0.15521586551664174,0.41354334076508725,0.2583274752484455,0.2583274752484455,52.644143649913175,True
ridge_teacher_binary,2,3,8,1,4,8,1,8,1.9362949763210024,0.1533264790250795,1.8716801374524334,1.718353658427354,1.718353658427354,58.61322539333961,True
ridge_teacher_binary,2,3,8,2,4,8,1,8,1.9527386981882453,0.15473010720194885,1.8635814900350793,1.7088513828331304,1.7088513828331304,53.89528678371099,True
ridge_teacher_binary,2,3,8,3,4,8,1,8,1.939223253211667,0.15329247683173608,0.5823914939233498,0.4290990170916137,0.4290990170916137,57.24438820127298,True
ridge_teacher_binary,2,3,8,4,4,8,1,8,1.8951681683335135,0.2154440570874035,1.2153097929047512,0.9998657358173477,0.9998657358173477,37.49358185859987,True
ridge_teacher_binary,2,3,8,5,4,8,1,8,1.8943113055396614,0.20763988853675525,0.40579423237299994,0.1981543438362447,0.1981543438362447,49.49073455151182,True
ridge_teacher_binary,2,3,8,6,4,8,1,8,1.9502887892282037,0.1537139157791204,0.4277569335104739,0.2740430177313535,0.2740430177313535,60.06719122612567,True
ridge_teacher_binary,2,3,8,7,4,8,1,8,1.9382640893592986,0.15298940843403483,1.9091110768406916,1.7561216684066567,1.7561216684066567,58.754907597558564,True
ridge_teacher_binary,2,3,16,0,4,16,1,16,1.9480450716564508,0.15402436516215748,0.4515181179570614,0.297493752794904,0.297493752794904,42.512765171848,True
ridge_teacher_binary,2,3,16,1,4,16,1,16,1.9473048272719433,0.15326750430300257,0.41325588061918594,0.2599883763161834,0.2599883763161834,42.36817141987193,True
ridge_teacher_binary,2,3,16,2,4,16,1,16,1.954543193846274,0.1542034099186716,0.416486837489624,0.2622834275709524,0.2622834275709524,42.994016073565746,True
ridge_teacher_binary,2,3,16,3,4,16,1,16,1.9233034763468593,0.20510919460529828,2.163715243696357,1.9586060490910588,1.9586060490910588,38.83816653676393,True
ridge_teacher_binary,2,3,16,4,4,16,1,16,1.9539195235285856,0.15399937564869165,0.5893959461432914,0.43539657049459973,0.43539657049459973,42.570095374772066,True
ridge_teacher_binary,2,3,16,5,4,16,1,16,1.9430133849441027,0.15288346632334995,0.4177737418851319,0.2648902755617819,0.2648902755617819,42.383333939545516,True
ridge_teacher_binary,2,3,16,6,4,16,1,16,1.9409367775433504,0.15304317705251796,0.43439860784740125,0.2813554307948833,0.2813554307948833,41.097852429458115,True
ridge_teacher_binary,2,3,16,7,4,16,1,16,1.9475337818708933,0.15386763265161826,1.6787624636935046,1.5248948310418864,1.5248948310418864,42.426732728346536,True
ridge_teacher_binary,2,3,32,0,4,31,19,13,0.25466879686621086,0.15400714644157681,0.15462193578148306,0.0006147893399062465,0.0006147893399062465,30.12326975704281,True
ridge_teacher_binary,2,3,32,1,4,30,17,14,0.25267363320800823,0.15383907162157526,0.16325690540176038,0.009417833780185125,0.009417833780185125,30.212291836925516,True
ridge_teacher_binary,2,3,32,2,4,32,19,14,0.03263265135291161,0.1534195013782002,0.15340599591785042,-1.350546034978306e-05,0.0,30.1012570593854,True
ridge_teacher_binary,2,3,32,3,4,32,18,15,0.28895954833920945,0.15275443677257267,0.15274435013352702,-1.008663904564222e-05,0.0,29.702654077891594,True
ridge_teacher_binary,2,3,32,4,4,28,28,0,0.0,0.15394287832193557,0.15394287832193557,0.0,0.0,30.17939830816255,True
ridge_teacher_binary,2,3,32,5,4,31,20,12,0.031365942658517734,0.15469119953777538,0.15477125885613802,8.005931836263525e-05,8.005931836263525e-05,29.619749643319686,True
ridge_teacher_binary,2,3,32,6,4,32,20,13,0.023252750680878755,0.1545173370834869,0.15457078624223936,5.3449158752466586e-05,5.3449158752466586e-05,29.93810703676937,True
ridge_teacher_binary,2,3,32,7,4,28,28,0,0.0,0.1537277889921023,0.1537277889921023,0.0,0.0,30.278507167928144,True
ridge_teacher_binary,2,3,64,0,4,60,60,0,0.0,0.1534049483319613,0.1534049483319613,0.0,0.0,21.192702460528125,True
ridge_teacher_binary,2,3,64,1,4,62,35,28,0.04968420805131566,0.15393877077371054,0.15411767439012103,0.00017890361641048624,0.00017890361641048624,21.390183764661078,True
ridge_teacher_binary,2,3,64,2,4,64,39,26,0.03580482775625141,0.15392777426558307,0.15407073922644732,0.0001429649608642447,0.0001429649608642447,21.323988086438654,True
ridge_teacher_binary,2,3,64,3,4,61,36,26,0.008889040437112146,0.15384716422044156,0.1538464418951928,-7.223252487531528e-07,0.0,21.395123535420105,True
ridge_teacher_binary,2,3,64,4,4,62,36,27,0.03478714343329805,0.1535481367414211,0.1535559365334283,7.799792007212591e-06,7.799792007212591e-06,21.265115402352027,True
ridge_teacher_binary,2,3,64,5,4,59,59,0,0.0,0.15366994931280029,0.15366994931280029,0.0,0.0,21.31143706637321,True
ridge_teacher_binary,2,3,64,6,4,59,59,0,0.0,0.15383759123483046,0.15383759123483046,0.0,0.0,21.460517459721455,True
ridge_teacher_binary,2,3,64,7,4,63,34,30,0.08628825226040134,0.15446453338317567,0.15607676245765822,0.0016122290744825518,0.0016122290744825518,20.664653362055823,True
ridge_teacher_binary,2,3,128,0,4,93,93,0,0.0,0.15356328437347164,0.15356328437347164,0.0,0.0,15.047418493078094,True
ridge_teacher_binary,2,3,128,1,4,102,102,0,0.0,0.15341761044992655,0.15341761044992655,0.0,0.0,15.01087661696861,True
ridge_teacher_binary,2,3,128,2,4,110,110,0,0.0,0.1540878067079018,0.1540878067079018,0.0,0.0,15.006611648925128,True
ridge_teacher_binary,2,3,128,3,4,95,95,0,0.0,0.15371884355035914,0.15371884355035914,0.0,0.0,15.057061938479034,True
ridge_teacher_binary,2,3,128,4,4,101,101,0,0.0,0.1536279831540848,0.1536279831540848,0.0,0.0,15.004325828912602,True
ridge_teacher_binary,2,3,128,5,4,94,94,0,0.0,0.1539276330276867,0.1539276330276867,0.0,0.0,15.11214669485909,True
ridge_teacher_binary,2,3,128,6,4,88,88,0,0.0,0.15382373238717925,0.15382373238717925,0.0,0.0,15.100599612159145,True
ridge_teacher_binary,2,3,128,7,4,98,98,0,0.0,0.15372273952158605,0.15372273952158605,0.0,0.0,15.062803665800978,True
ridge_teacher_binary,2,4,8,0,4,8,1,8,1.9435840560223998,0.1535684302038669,0.42934226501440914,0.27577383481054224,0.27577383481054224,59.36505531473668,True
ridge_teacher_binary,2,4,8,1,4,8,1,8,1.9538039579988826,0.1564280015888732,0.4380920554396954,0.2816640538508222,0.2816640538508222,55.05596011763943,True
ridge_teacher_binary,2,4,8,2,4,8,1,8,1.9266556760363174,0.20568292316785078,0.4032547436156846,0.1975718204478338,0.1975718204478338,53.96882786703134,True
ridge_teacher_binary,2,4,8,3,4,8,1,8,1.919535932481274,0.2050128103309665,1.8172296294289667,1.6122168190980002,1.6122168190980002,51.964625188491524,True
ridge_teacher_binary,2,4,8,4,4,8,1,8,1.9377142825695306,0.15298562106849437,1.9395630280719445,1.7865774070034501,1.7865774070034501,59.09099038146111,True
ridge_teacher_binary,2,4,8,5,4,8,1,8,1.9253751853894832,0.20533532276247923,0.4052932109895162,0.19995788822703697,0.19995788822703697,53.96206107363058,True
ridge_teacher_binary,2,4,8,6,4,8,1,8,1.9556040658000071,0.15420323101765857,1.7877050190601969,1.6335017880425382,1.6335017880425382,60.801507435044684,True
ridge_teacher_binary,2,4,8,7,4,8,1,8,1.9184690016920494,0.20500582638628723,1.8082719027158174,1.60326607632953,1.60326607632953,52.707402718896375,True
ridge_teacher_binary,2,4,16,0,4,16,1,16,1.9481462079192198,0.15494610663316022,0.4280248068350546,0.2730787002018944,0.2730787002018944,39.99802764892684,True
ridge_teacher_binary,2,4,16,1,4,16,1,16,1.9513629775186223,0.15426762643157788,0.6499235920207016,0.4956559655891237,0.4956559655891237,42.8233177693594,True
ridge_teacher_binary,2,4,16,2,4,16,1,16,1.9437298439542035,0.15283016817145326,0.4507955418942706,0.2979653737228174,0.2979653737228174,42.234430683703,True
ridge_teacher_binary,2,4,16,3,4,16,1,16,1.944093157154469,0.15287338041184215,0.5697188375297764,0.4168454571179342,0.4168454571179342,42.181456347535764,True
ridge_teacher_binary,2,4,16,4,4,16,1,16,1.9375660129990582,0.15297867184826489,0.41551101701650733,0.2625323451682424,0.2625323451682424,41.887379461966006,True
ridge_teacher_binary,2,4,16,5,4,16,1,16,1.9440610062858956,0.15325687759521603,1.8541640854725399,1.7009072078773237,1.7009072078773237,42.362816554834765,True
ridge_teacher_binary,2,4,16,6,4,16,1,16,1.9475815354358772,0.1538170891620708,0.6347059320900323,0.4808888429279615,0.4808888429279615,42.43667039428823,True
ridge_teacher_binary,2,4,16,7,4,16,1,16,1.9537573382948386,0.15394345352248906,0.4156467570869193,0.2617033035644302,0.2617033035644302,42.79521404929543,True
ridge_teacher_binary,2,4,32,0,4,32,20,13,0.28013740957919003,0.15466164494040874,0.15987179247264072,0.005210147532231979,0.005210147532231979,28.778483258420525,True
ridge_teacher_binary,2,4,32,1,4,32,21,12,0.17601914290879697,0.15399435168125852,0.15786036026748468,0.003866008586226155,0.003866008586226155,30.198359887290398,True
ridge_teacher_binary,2,4,32,2,4,32,19,14,0.030949409148546603,0.15316369801046498,0.15317723949203832,1.3541481573342562e-05,1.3541481573342562e-05,29.907243532223045,True
ridge_teacher_binary,2,4,32,3,4,32,20,13,0.02485920189766174,0.1535129709521266,0.1535284125475729,1.5441595446308298e-05,1.5441595446308298e-05,29.97980035092048,True
ridge_teacher_binary,2,4,32,4,4,32,20,13,0.02501938842258347,0.15352689284250576,0.15352320224669586,-3.690595809902053e-06,0.0,30.08003239113674,True
ridge_teacher_binary,2,4,32,5,4,31,16,16,0.02731404632148761,0.1535576815862319,0.153549190125512,-8.49146071990603e-06,0.0,30.292292014484193,True
ridge_teacher_binary,2,4,32,6,4,32,16,17,0.02917702494059043,0.1528081661932712,0.15289242072164153,8.425452837032554e-05,8.425452837032554e-05,29.76443581819846,True
ridge_teacher_binary,2,4,32,7,4,32,18,15,0.03131952371454765,0.15310894419410487,0.1532605125914979,0.00015156839739302597,0.00015156839739302597,29.955514806733163,True
ridge_teacher_binary,2,4,64,0,4,62,35,28,0.02952148487753208,0.15368480535850695,0.1539571815805428,0.00027237622203585277,0.00027237622203585277,21.057808301051594,True
ridge_teacher_binary,2,4,64,1,4,62,41,22,0.06499602282036464,0.15510123446962595,0.15496224164034864,-0.00013899282927731793,0.0,21.293619356167667,True
ridge_teacher_binary,2,4,64,2,4,64,39,26,0.0354576146910084,0.15391172244951054,0.15390543542859042,-6.287020920120456e-06,0.0,21.248951541852072,True
ridge_teacher_binary,2,4,64,3,4,61,33,29,0.07932163974808808,0.15399847713605624,0.15413076229383407,0.00013228515777782834,0.00013228515777782834,21.274069497875207,True
ridge_teacher_binary,2,4,64,4,4,64,39,26,0.4808437123055418,0.1554988623612962,0.1903958107105351,0.0348969483492389,0.0348969483492389,21.571805434260362,True
ridge_teacher_binary,2,4,64,5,4,52,52,0,0.0,0.15390023179795165,0.15390023179795165,0.0,0.0,21.2263888933089,True
ridge_teacher_binary,2,4,64,6,4,59,59,0,0.0,0.15291551790969113,0.15291551790969113,0.0,0.0,21.19936264834273,True
ridge_teacher_binary,2,4,64,7,4,61,33,29,0.022361309072931348,0.15378673457164677,0.15380193116911042,1.519659746365698e-05,1.519659746365698e-05,21.383783321889698,True
ridge_teacher_binary,2,4,128,0,4,96,96,0,0.0,0.1538116683457208,0.1538116683457208,0.0,0.0,15.108556058899206,True
ridge_teacher_binary,2,4,128,1,4,102,102,0,0.0,0.15366553156451518,0.15366553156451518,0.0,0.0,15.146121891947876,True
ridge_teacher_binary,2,4,128,2,4,99,99,0,0.0,0.1538170435328296,0.1538170435328296,0.0,0.0,15.067562348715354,True
ridge_teacher_binary,2,4,128,3,4,93,93,0,0.0,0.15346797615488483,0.15346797615488483,0.0,0.0,15.011673132886074,True
ridge_teacher_binary,2,4,128,4,4,92,92,0,0.0,0.15382370741344098,0.15382370741344098,0.0,0.0,15.073109227112857,True
ridge_teacher_binary,2,4,128,5,4,86,86,0,0.0,0.1538189960849875,0.1538189960849875,0.0,0.0,15.103397142118402,True
ridge_teacher_binary,2,4,128,6,4,100,100,0,0.0,0.15366790648849504,0.15366790648849504,0.0,0.0,15.060626009008374,True
ridge_teacher_binary,2,4,128,7,4,106,106,0,0.0,0.15345305066261805,0.15345305066261805,0.0,0.0,14.954903584261915,True
ridge_teacher_binary,2,5,8,0,4,8,1,8,1.9477104888768566,0.15352993748592503,0.42558761630012204,0.272057678814197,0.272057678814197,56.26097884849014,True
ridge_teacher_binary,2,5,8,1,4,8,1,8,1.9382568362067323,0.15320439888480356,0.41438015307351017,0.26117575418870664,0.26117575418870664,58.4702141799643,True
ridge_teacher_binary,2,5,8,2,4,8,1,8,1.941799909894788,0.1531950641256657,0.4175774920213553,0.2643824278956896,0.2643824278956896,57.56655476299997,True
ridge_teacher_binary,2,5,8,3,4,8,1,8,1.9338034439279628,0.15303993186003717,0.424481753449897,0.27144182158985986,0.27144182158985986,59.20764171692485,True
ridge_teacher_binary,2,5,8,4,4,8,1,8,1.897421663894098,0.20930314345025858,1.6711741278933054,1.4618709844430469,1.4618709844430469,44.42772522973004,True
ridge_teacher_binary,2,5,8,5,4,8,1,8,1.9520876433811005,0.15364774395452682,0.4113491577648181,0.2577014138102913,0.2577014138102913,56.6344127528347,True
ridge_teacher_binary,2,5,8,6,4,8,1,8,1.955413218715662,0.15430974364848082,0.4129371069760353,0.2586273633275545,0.2586273633275545,56.82947756102475,True
ridge_teacher_binary,2,5,8,7,4,8,1,8,1.8947721642735578,0.20740457876713636,2.169644156134478,1.9622395773673418,1.9622395773673418,51.753058194526524,True
ridge_teacher_binary,2,5,16,0,4,16,1,16,1.9511524607894448,0.15344290978573236,0.41358271388453455,0.2601398040988022,0.2601398040988022,42.125812289730675,True
ridge_teacher_binary,2,5,16,1,4,15,1,15,1.9536236106563878,0.1545019987456337,0.4139863773012324,0.2594843785555987,0.2594843785555987,39.31964407981113,True
ridge_teacher_binary,2,5,16,2,4,16,1,16,1.9435910181064986,0.15292864668452666,1.9857124618958448,1.832783815211318,1.832783815211318,41.45787696398747,True
ridge_teacher_binary,2,5,16,3,4,16,1,16,1.9548847782383363,0.1549683565286521,1.5618523417761827,1.4068839852475306,1.4068839852475306,39.553887849618285,True
ridge_teacher_binary,2,5,16,4,4,15,1,15,1.9378714286150636,0.15346785187608636,1.6919665492524392,1.5384986973763528,1.5384986973763528,41.91170119025009,True
ridge_teacher_binary,2,5,16,5,4,16,1,16,1.94146547094249,0.15318471363350492,1.8580029250062537,1.7048182113727488,1.7048182113727488,42.22939645465519,True
ridge_teacher_binary,2,5,16,6,4,15,1,15,1.9502600873664517,0.1536419242866644,0.4147677688904577,0.2611258446037933,0.2611258446037933,42.498894859134175,True
ridge_teacher_binary,2,5,16,7,4,16,1,16,1.9203764127837717,0.15292401272559966,0.4274900666854498,0.2745660539598501,0.2745660539598501,41.84337658910471,True
ridge_teacher_binary,2,5,32,0,4,32,20,13,0.018166031936908564,0.15386855337843933,0.15388037856714196,1.182518870262994e-05,1.182518870262994e-05,30.028065689889072,True
ridge_teacher_binary,2,5,32,1,4,31,20,12,0.2140181577429352,0.15362686248553853,0.15928936304400784,0.005662500558469313,0.005662500558469313,30.16887978665225,True
ridge_teacher_binary,2,5,32,2,4,31,20,12,0.012622466885085531,0.15390703039036074,0.15390859512066835,1.564730307601625e-06,1.564730307601625e-06,30.360991731955668,True
ridge_teacher_binary,2,5,32,3,4,27,27,0,0.0,0.15391439154578493,0.15391439154578493,0.0,0.0,30.167792771594083,True
ridge_teacher_binary,2,5,32,4,4,32,19,14,0.25595848786941805,0.15335491505929993,0.15345669320777727,0.00010177814847733835,0.00010177814847733835,29.98163664182273,True
ridge_teacher_binary,2,5,32,5,4,32,16,17,0.4834157114701677,0.1532359335456993,0.15323583347971761,-1.0006598169520764e-07,0.0,29.87029330239615,True
ridge_teacher_binary,2,5,32,6,4,32,20,13,0.021586275711427974,0.15336029562416087,0.15337426651136718,1.3970887206310456e-05,1.3970887206310456e-05,30.028953950578845,True
ridge_teacher_binary,2,5,32,7,4,32,21,12,0.2554202566701598,0.15407930070161574,0.15651392313942736,0.0024346224378116177,0.0024346224378116177,28.724806293000952,True
ridge_teacher_binary,2,5,64,0,4,64,41,24,0.04565410654765518,0.15481603213501222,0.1550012023858673,0.00018517025085507122,0.00018517025085507122,21.214096848113666,True
ridge_teacher_binary,2,5,64,1,4,58,58,0,0.0,0.15370808341844092,0.15370808341844092,0.0,0.0,21.22174692786588,True
ridge_teacher_binary,2,5,64,2,4,60,60,0,0.0,0.1531854363985688,0.1531854363985688,0.0,0.0,21.078832029529213,True
ridge_teacher_binary,2,5,64,3,4,62,34,29,0.037205947599136584,0.15320338244170006,0.15333984952828497,0.00013646708658490714,0.00013646708658490714,21.16678220078715,True
ridge_teacher_binary,2,5,64,4,4,63,42,22,0.4677182356132312,0.15423523057388042,0.1544583618332883,0.0002231312594078716,0.0002231312594078716,21.20705896135226,True
ridge_teacher_binary,2,5,64,5,4,59,59,0,0.0,0.15388870344809727,0.15388870344809727,0.0,0.0,21.369304006683976,True
ridge_teacher_binary,2,5,64,6,4,63,37,27,0.4327224463914206,0.15380306117402232,0.16844483429042206,0.014641773116399748,0.014641773116399748,21.081139344348628,True
ridge_teacher_binary,2,5,64,7,4,60,60,0,0.0,0.15381797571364186,0.15381797571364186,0.0,0.0,21.221518331364543,True
ridge_teacher_binary,2,5,128,0,4,105,105,0,0.0,0.15377937434806094,0.15377937434806094,0.0,0.0,15.118839110662016,True
ridge_teacher_binary,2,5,128,1,4,83,83,0,0.0,0.15386370600704985,0.15386370600704985,0.0,0.0,15.100550945895053,True
ridge_teacher_binary,2,5,128,2,4,102,102,0,0.0,0.15371696055724238,0.15371696055724238,0.0,0.0,15.117828081103625,True
ridge_teacher_binary,2,5,128,3,4,95,95,0,0.0,0.15377187212924837,0.15377187212924837,0.0,0.0,15.158196905694046,True
ridge_teacher_binary,2,5,128,4,4,97,97,0,0.0,0.1538888346130829,0.1538888346130829,0.0,0.0,15.132266217903505,True
ridge_teacher_binary,2,5,128,5,4,87,87,0,0.0,0.1537904312532338,0.1537904312532338,0.0,0.0,15.047608018995092,True
ridge_teacher_binary,2,5,128,6,4,91,91,0,0.0,0.15391068405792038,0.15391068405792038,0.0,0.0,15.072937777960876,True
ridge_teacher_binary,2,5,128,7,4,95,95,0,0.0,0.15372171944603918,0.15372171944603918,0.0,0.0,15.050490133656181,True
ridge_teacher_binary,2,6,8,0,4,8,1,8,1.9309664147008918,0.1531593602243861,1.774002329045815,1.6208429688214288,1.6208429688214288,58.512270390363014,True
ridge_teacher_binary,2,6,8,1,4,8,1,8,1.9300651297570848,0.1535421013435619,0.5838359214678019,0.43029382012424006,0.43029382012424006,57.79480062862693,True
ridge_teacher_binary,2,6,8,2,4,8,1,8,1.9516326814206675,0.15456823671635428,1.6405667705804912,1.4859985338641368,1.4859985338641368,59.73849336015672,True
ridge_teacher_binary,2,6,8,3,4,8,1,8,1.8987609582304084,0.2073754744755187,0.4018426819438433,0.1944672074683246,0.1944672074683246,51.25451273751918,True
ridge_teacher_binary,2,6,8,4,4,8,1,8,1.951269164397812,0.1537771675241685,0.408866936260825,0.25508976873665645,0.25508976873665645,57.20178647319812,True
ridge_teacher_binary,2,6,8,5,4,8,1,8,1.9385923194676564,0.15638498704566012,0.5933745050913337,0.4369895180456736,0.4369895180456736,55.22924562953864,True
ridge_teacher_binary,2,6,8,6,4,8,1,8,1.9454158817091787,0.15367690810711615,1.8284970908080478,1.6748201827009317,1.6748201827009317,56.5435890290479,True
ridge_teacher_binary,2,6,8,7,4,8,1,8,1.9323313593395706,0.15336083321784746,1.7372331977211588,1.5838723645033113,1.5838723645033113,58.52846641262438,True
ridge_teacher_binary,2,6,16,0,4,16,1,16,1.9476645409651665,0.15341831728371214,1.8172529349983884,1.6638346177146763,1.6638346177146763,42.48942004124772,True
ridge_teacher_binary,2,6,16,1,4,16,1,16,1.9384547621433157,0.1528463000334066,0.44531077603771296,0.29246447600430636,0.29246447600430636,41.783297310795646,True
ridge_teacher_binary,2,6,16,2,4,16,1,16,1.9404525995587532,0.15282892763303044,0.5648475497224056,0.4120186220893751,0.4120186220893751,41.744820894468994,True
ridge_teacher_binary,2,6,16,3,4,15,1,15,1.9448617929637098,0.15288736899858502,1.9872956374755062,1.8344082684769212,1.8344082684769212,42.30824596875288,True
ridge_teacher_binary,2,6,16,4,4,16,1,16,1.9541033425797358,0.1541203546686965,1.6517382697780592,1.4976179151093627,1.4976179151093627,41.878827997643974,True
ridge_teacher_binary,2,6,16,5,4,16,1,16,1.9363138757107001,0.15294175174194347,1.8713216867948534,1.7183799350529099,1.7183799350529099,41.98877559128231,True
ridge_teacher_binary,2,6,16,6,4,16,1,16,1.9557423777153864,0.1548199507983133,1.5118569312064016,1.3570369804080884,1.3570369804080884,41.871140737598836,True
ridge_teacher_binary,2,6,16,7,4,16,1,16,1.9532104297430533,0.15362060796088234,1.8515669454054209,1.6979463374445385,1.6979463374445385,42.716847880530835,True
ridge_teacher_binary,2,6,32,0,4,32,19,14,0.2678329947051245,0.15394507277267577,0.15539760190662974,0.001452529133953967,0.001452529133953967,30.010017192022143,True
ridge_teacher_binary,2,6,32,1,4,32,20,13,0.011806437556158334,0.15337797531886851,0.15343659899611228,5.862367724376871e-05,5.862367724376871e-05,29.925488075504845,True
ridge_teacher_binary,2,6,32,2,4,32,19,14,0.026685679244354783,0.15429531126206303,0.1544454637824939,0.00015015252043087957,0.00015015252043087957,30.28516063389668,True
ridge_teacher_binary,2,6,32,3,4,32,19,14,0.24643152119534187,0.1535004707949278,0.1541740164413974,0.0006735456464695977,0.0006735456464695977,28.29442583709414,True
ridge_teacher_binary,2,6,32,4,4,32,19,14,0.2278491564213124,0.15320189555028957,0.15341130578221787,0.0002094102319283031,0.0002094102319283031,29.99170663309545,True
ridge_teacher_binary,2,6,32,5,4,32,18,15,0.2105510127464705,0.15291936398774614,0.15292749497144215,8.13098369600862e-06,8.13098369600862e-06,29.76715050022726,True
ridge_teacher_binary,2,6,32,6,4,31,18,14,0.2703459270026448,0.15467100838458658,0.16178369628973915,0.00711268790515257,0.00711268790515257,28.723772266454404,True
ridge_teacher_binary,2,6,32,7,4,32,19,14,0.03129763066367758,0.1534033788923451,0.15339899310491067,-4.385787434418864e-06,0.0,30.032963270837534,True
ridge_teacher_binary,2,6,64,0,4,63,38,26,0.026140870630346112,0.15374436652525014,0.15374772517280935,3.35864755920956e-06,3.35864755920956e-06,21.31156624802675,True
ridge_teacher_binary,2,6,64,1,4,62,36,27,0.058854465082177565,0.15306705703430623,0.1530544856173557,-1.2571416950518666e-05,0.0,21.18884826464685,True
ridge_teacher_binary,2,6,64,2,4,63,36,28,0.05351504804330446,0.15382972576661486,0.15389410343487936,6.437766826450364e-05,6.437766826450364e-05,21.32219832025966,True
ridge_teacher_binary,2,6,64,3,4,61,38,24,0.01619937310049565,0.15391481599829765,0.15391327355941126,-1.5424388863927163e-06,0.0,21.33295528024092,True
ridge_teacher_binary,2,6,64,4,4,62,37,26,0.03508505677903836,0.1538153964087473,0.15384968005954675,3.428365079943818e-05,3.428365079943818e-05,21.203728788140012,True
ridge_teacher_binary,2,6,64,5,4,60,60,0,0.0,0.1535461976473398,0.1535461976473398,0.0,0.0,21.215546307626997,True
ridge_teacher_binary,2,6,64,6,4,63,41,23,0.1006105519720196,0.15468693149974339,0.15464959652252905,-3.7334977214337206e-05,0.0,21.459739373750914,True
ridge_teacher_binary,2,6,64,7,4,62,37,26,0.041990385890422144,0.15390725049537976,0.1540968522042024,0.00018960170882265093,0.00018960170882265093,21.44410009715498,True
ridge_teacher_binary,2,6,128,0,4,102,102,0,0.0,0.15377794690825183,0.15377794690825183,0.0,0.0,15.048111888128146,True
ridge_teacher_binary,2,6,128,1,4,93,93,0,0.0,0.15369238418852768,0.15369238418852768,0.0,0.0,15.088708887055741,True
ridge_teacher_binary,2,6,128,2,4,94,94,0,0.0,0.15375667033993162,0.15375667033993162,0.0,0.0,15.111168577684298,True
ridge_teacher_binary,2,6,128,3,4,113,113,0,0.0,0.15318347199450405,0.15318347199450405,0.0,0.0,14.896293108132896,True
ridge_teacher_binary,2,6,128,4,4,89,89,0,0.0,0.15374218183131969,0.15374218183131969,0.0,0.0,15.091964036589728,True
ridge_teacher_binary,2,6,128,5,4,95,95,0,0.0,0.15375365507523653,0.15375365507523653,0.0,0.0,15.118574400500199,True
ridge_teacher_binary,2,6,128,6,4,106,106,0,0.0,0.15354288618674017,0.15354288618674017,0.0,0.0,15.099338145669272,True
ridge_teacher_binary,2,6,128,7,4,100,100,0,0.0,0.15377429297986067,0.15377429297986067,0.0,0.0,15.088743944387026,True
ridge_teacher_binary,2,7,8,0,4,8,1,8,1.9477474744824523,0.15424759621292203,1.8775687871081983,1.7233211908952764,1.7233211908952764,56.335737960144044,True
ridge_teacher_binary,2,7,8,1,4,8,1,8,1.9229809005048577,0.20497266365588432,0.3950176180331788,0.1900449543772945,0.1900449543772945,53.51963077826561,True
ridge_teacher_binary,2,7,8,2,4,8,1,8,1.958512944202484,0.15500955536154556,0.4261199700964259,0.2711104147348803,0.2711104147348803,57.256935936039305,True
ridge_teacher_binary,2,7,8,3,4,8,1,8,1.9217643345479394,0.1531020126536311,0.42667690129678665,0.27357488864315554,0.27357488864315554,58.421546880602754,True
ridge_teacher_binary,2,7,8,4,4,8,1,8,1.9292713960699248,0.15345162441700796,0.42903977387981057,0.27558814946280263,0.27558814946280263,57.51500582724999,True
ridge_teacher_binary,2,7,8,5,4,8,1,8,1.9248876569053444,0.2053662687038782,0.39467545490893663,0.18930918620505843,0.18930918620505843,53.06752223736801,True
ridge_teacher_binary,2,7,8,6,4,8,1,8,1.9375290212444476,0.15312210654708938,1.8598360462518104,1.706713939704721,1.706713939704721,58.828974045321054,True
ridge_teacher_binary,2,7,8,7,4,8,1,8,1.937324858696567,0.15299738854933936,1.9513219087900477,1.7983245202407083,1.7983245202407083,58.875026117483166,True
ridge_teacher_binary,2,7,16,0,4,16,1,16,1.9449796830961332,0.15292988130448362,0.4490628525879718,0.29613297128348814,0.29613297128348814,42.25009714359363,True
ridge_teacher_binary,2,7,16,1,4,16,1,16,1.9450022858880254,0.15285239821809732,2.028860770098567,1.8760083718804696,1.8760083718804696,42.318788109179195,True
ridge_teacher_binary,2,7,16,2,4,16,1,16,1.9426944103847978,0.15281037038244538,1.9972945829640887,1.8444842125816434,1.8444842125816434,42.13174088333566,True
ridge_teacher_binary,2,7,16,3,4,16,1,16,1.95399183398601,0.15405683201370682,0.4284665820731739,0.2744097500594671,0.2744097500594671,41.490155686732685,True
ridge_teacher_binary,2,7,16,4,4,16,1,16,1.9420885160499655,0.15285707476006216,1.9607276984700792,1.807870623710017,1.807870623710017,42.16914148539306,True
ridge_teacher_binary,2,7,16,5,4,16,1,16,1.9485529064119171,0.15447779920455437,0.44064065904935434,0.28616285984479994,0.28616285984479994,40.21710450678658,True
ridge_teacher_binary,2,7,16,6,4,16,1,16,1.9440046074902768,0.15286155038177587,2.007952367428657,1.855090817046881,1.855090817046881,41.777607364068565,True
ridge_teacher_binary,2,7,16,7,4,16,1,16,1.94100807575593,0.15293685985173205,1.9149212782910463,1.7619844184393143,1.7619844184393143,41.322851536527324,True
ridge_teacher_binary,2,7,32,0,4,31,19,13,0.2356157431052592,0.15365298543856848,0.1547774552477803,0.0011244698092118255,0.0011244698092118255,27.9695935270469,True
ridge_teacher_binary,2,7,32,1,4,31,18,14,0.019910894229119916,0.15315488627454119,0.15318737312969408,3.248685515289118e-05,3.248685515289118e-05,29.86910553842252,True
ridge_teacher_binary,2,7,32,2,4,32,19,14,0.02354083748866125,0.15449434452966548,0.15449208589094576,-2.2586387197209845e-06,0.0,29.55284698006032,True
ridge_teacher_binary,2,7,32,3,4,32,19,14,0.16264707510329568,0.1530345763876678,0.15368218925619306,0.0006476128685252713,0.0006476128685252713,29.831352733659266,True
ridge_teacher_binary,2,7,32,4,4,32,19,14,0.04207029683566974,0.15299986142840286,0.1529994435615629,-4.178668399634766e-07,0.0,29.9148621103404,True
ridge_teacher_binary,2,7,32,5,4,32,18,15,0.28312301942770546,0.15279205550982858,0.15278639741805464,-5.658091773941276e-06,0.0,29.716018881358455,True
ridge_teacher_binary,2,7,32,6,4,32,18,15,0.03129894808212176,0.15307686566499024,0.1530687249079452,-8.140757045027591e-06,0.0,29.96935676562183,True
ridge_teacher_binary,2,7,32,7,4,32,18,15,0.30234021959708257,0.15346362072032907,0.15427562987587817,0.0008120091555491038,0.0008120091555491038,29.88704164059923,True
ridge_teacher_binary,2,7,64,0,4,63,39,25,0.4969627035160015,0.15516967806788529,0.1645347292035029,0.009365051135617614,0.009365051135617614,21.778060903199112,True
ridge_teacher_binary,2,7,64,1,4,61,38,24,0.019080053548276434,0.15384801306148227,0.15387399769576815,2.5984634285880492e-05,2.5984634285880492e-05,21.20179053260378,True
ridge_teacher_binary,2,7,64,2,4,62,37,26,0.010917570549763706,0.1538160539780739,0.15381081816847758,-5.235809596326746e-06,0.0,21.413622950925042,True
ridge_teacher_binary,2,7,64,3,4,61,36,26,0.014417589157970858,0.15383882341896973,0.15382426856410134,-1.4554854868398248e-05,0.0,21.475743944170283,True
ridge_teacher_binary,2,7,64,4,4,63,38,26,0.06963364747936589,0.15442852028572698,0.15530289027753486,0.0008743699918078718,0.0008743699918078718,21.159254063062136,True
ridge_teacher_binary,2,7,64,5,4,64,36,29,0.048621740977594044,0.1534523135140105,0.1537106511237159,0.00025833760970539466,0.00025833760970539466,21.230179774867985,True
ridge_teacher_binary,2,7,64,6,4,63,36,28,0.034031261484739984,0.15342808104747488,0.15346793238304962,3.9851335574742075e-05,3.9851335574742075e-05,21.2175950807032,True
ridge_teacher_binary,2,7,64,7,4,62,38,25,0.24979236356641882,0.15343593615932027,0.1539329599957304,0.0004970238364101209,0.0004970238364101209,21.193977952445834,True
ridge_teacher_binary,2,7,128,0,4,81,81,0,0.0,0.15376017941476766,0.15376017941476766,0.0,0.0,15.109447732201824,True
ridge_teacher_binary,2,7,128,1,4,115,115,0,0.0,0.15374106163055,0.15374106163055,0.0,0.0,15.025503671465026,True
ridge_teacher_binary,2,7,128,2,4,98,98,0,0.0,0.1538797563117011,0.1538797563117011,0.0,0.0,15.187482742442505,True
ridge_teacher_binary,2,7,128,3,4,97,97,0,0.0,0.15370635370130614,0.15370635370130614,0.0,0.0,15.070198374574206,True
ridge_teacher_binary,2,7,128,4,4,82,82,0,0.0,0.15381553872063025,0.15381553872063025,0.0,0.0,15.103863116097227,True
ridge_teacher_binary,2,7,128,5,4,91,91,0,0.0,0.15375389444567825,0.15375389444567825,0.0,0.0,15.111425649502985,True
ridge_teacher_binary,2,7,128,6,4,84,84,0,0.0,0.15375527908312298,0.15375527908312298,0.0,0.0,15.01272786696682,True
ridge_teacher_binary,2,7,128,7,4,88,88,0,0.0,0.1534631116624688,0.1534631116624688,0.0,0.0,14.979847350239456,True
ridge_teacher_binary,2,8,8,0,4,8,1,8,1.9373948085587667,0.1530196071002082,1.9016669584736479,1.7486473513734397,1.7486473513734397,58.599516224937894,True
ridge_teacher_binary,2,8,8,1,4,8,1,8,1.9555181989246213,0.15487967869577343,0.4231101790447782,0.26823050034900475,0.26823050034900475,57.77415598701672,True
ridge_teacher_binary,2,8,8,2,4,8,1,8,1.9338265819738247,0.1530262431183475,0.4240030587957917,0.2709768156774442,0.2709768156774442,59.25887786344049,True
ridge_teacher_binary,2,8,8,3,4,8,1,8,1.9354949972928865,0.15299688714489995,0.582450647197569,0.42945376005266905,0.42945376005266905,58.75594894000512,True
ridge_teacher_binary,2,8,8,4,4,8,1,8,0.8747911884245564,0.35029633556565926,0.3946424538329944,0.044346118267335144,0.044346118267335144,40.79889678639308,True
ridge_teacher_binary,2,8,8,5,4,8,1,8,1.9391970355789108,0.1530965970493992,1.880939966769011,1.7278433697196118,1.7278433697196118,57.833950632256055,True
ridge_teacher_binary,2,8,8,6,4,8,1,8,1.9502448029595258,0.15363720444691922,2.0304082908523404,1.8767710864054212,1.8767710864054212,56.59877686585516,True
ridge_teacher_binary,2,8,8,7,4,8,1,8,1.9312495054174592,0.15310530999044386,0.4272841008512478,0.27417879086080393,0.27417879086080393,58.44788080777465,True
ridge_teacher_binary,2,8,16,0,4,16,1,16,1.947631542932898,0.1533005253582199,0.6249575600270106,0.4716570346687907,0.4716570346687907,42.464780751565975,True
ridge_teacher_binary,2,8,16,1,4,16,1,16,1.9563293878870565,0.1542546128064457,0.711333651381918,0.5570790385754723,0.5570790385754723,43.24051633707676,True
ridge_teacher_binary,2,8,16,2,4,16,1,16,1.9597643283908905,0.15531954509573537,0.40934286946445003,0.25402332436871466,0.25402332436871466,39.48615000745308,True
ridge_teacher_binary,2,8,16,3,4,16,1,16,1.9544936447723495,0.15353615324566383,0.6431601523846179,0.48962399913895405,0.48962399913895405,42.22719982971149,True
ridge_teacher_binary,2,8,16,4,4,16,1,16,1.948443686225486,0.1534577518785633,1.8708453167252344,1.717387564846671,1.717387564846671,42.498192973776696,True
ridge_teacher_binary,2,8,16,5,4,16,1,16,1.9504547178633516,0.15460132542051913,1.563520122316717,1.4089187968961978,1.4089187968961978,42.861409617711004,True
ridge_teacher_binary,2,8,16,6,4,16,1,16,1.9360697350610359,0.15303225582949767,1.8804943387222406,1.727462082892743,1.727462082892743,40.96808416334401,True
ridge_teacher_binary,2,8,16,7,4,16,1,16,1.9521050915162217,0.15364315991974803,0.6248274825745792,0.4711843226548312,0.4711843226548312,42.41081932506078,True
ridge_teacher_binary,2,8,32,0,4,32,20,13,0.013312807811843916,0.15373938893548464,0.1537514555270386,1.2066591553949735e-05,1.2066591553949735e-05,29.987864267196404,True
ridge_teacher_binary,2,8,32,1,4,32,19,14,0.03457183576120631,0.153447739466834,0.1534905442398613,4.280477302731622e-05,4.280477302731622e-05,30.1401571491095,True
ridge_teacher_binary,2,8,32,2,4,31,19,13,0.24304322278162743,0.15378796285488272,0.15388133671988163,9.337386499891354e-05,9.337386499891354e-05,30.292799468774913,True
ridge_teacher_binary,2,8,32,3,4,32,17,16,0.03573594764181853,0.15286703023310766,0.1529488436881497,8.181345504204574e-05,8.181345504204574e-05,29.761224552202073,True
ridge_teacher_binary,2,8,32,4,4,32,13,20,0.03479919871621932,0.15277122216592265,0.15278029807217003,9.075906247379972e-06,9.075906247379972e-06,29.7272586919444,True
ridge_teacher_binary,2,8,32,5,4,32,21,12,0.02200051010743508,0.15400038240494549,0.15399955885486732,-8.235500781605953e-07,0.0,30.31414905946712,True
ridge_teacher_binary,2,8,32,6,4,32,20,13,0.22710330266138595,0.15367304860546296,0.15395327105192297,0.0002802224464600045,0.0002802224464600045,30.047736281529225,True
ridge_teacher_binary,2,8,32,7,4,32,18,15,0.047188110208988464,0.15326324988874154,0.15336954665945063,0.00010629677070908561,0.00010629677070908561,29.80954997127405,True
ridge_teacher_binary,2,8,64,0,4,63,38,26,0.0487803566335027,0.15395695798928852,0.15406994215989392,0.00011298417060540134,0.00011298417060540134,21.470562009664096,True
ridge_teacher_binary,2,8,64,1,4,59,59,0,0.0,0.15358919266233778,0.15358919266233778,0.0,0.0,21.221534968626756,True
ridge_teacher_binary,2,8,64,2,4,60,60,0,0.0,0.15368208422837545,0.15368208422837545,0.0,0.0,21.337045553977447,True
ridge_teacher_binary,2,8,64,3,4,63,36,28,0.040908056988868194,0.15397092654718786,0.15395448275211665,-1.644379507120819e-05,0.0,21.46584868807254,True
ridge_teacher_binary,2,8,64,4,4,64,37,28,0.03243614371615437,0.15378655410553657,0.15388135989619744,9.480579066087347e-05,9.480579066087347e-05,21.282822427257138,True
ridge_teacher_binary,2,8,64,5,4,60,60,0,0.0,0.15423000497489778,0.15423000497489778,0.0,0.0,20.95339965752679,True
ridge_teacher_binary,2,8,64,6,4,60,60,0,0.0,0.15371582437469947,0.15371582437469947,0.0,0.0,21.32538310920825,True
ridge_teacher_binary,2,8,64,7,4,54,54,0,0.0,0.1538386414489377,0.1538386414489377,0.0,0.0,21.32980783095769,True
ridge_teacher_binary,2,8,128,0,4,93,93,0,0.0,0.1538750368711822,0.1538750368711822,0.0,0.0,15.134239093121755,True
ridge_teacher_binary,2,8,128,1,4,83,83,0,0.0,0.1537602280459621,0.1537602280459621,0.0,0.0,15.115273184197545,True
ridge_teacher_binary,2,8,128,2,4,97,97,0,0.0,0.1537690903899781,0.1537690903899781,0.0,0.0,15.141489310712995,True
ridge_teacher_binary,2,8,128,3,4,97,97,0,0.0,0.1536014472850773,0.1536014472850773,0.0,0.0,15.106340419601556,True
ridge_teacher_binary,2,8,128,4,4,114,114,0,0.0,0.15367428956987306,0.15367428956987306,0.0,0.0,14.971756163256067,True
ridge_teacher_binary,2,8,128,5,4,98,98,0,0.0,0.15387171353339535,0.15387171353339535,0.0,0.0,15.122469710157059,True
ridge_teacher_binary,2,8,128,6,4,95,95,0,0.0,0.15386707547973383,0.15386707547973383,0.0,0.0,14.977480550902856,True
ridge_teacher_binary,2,8,128,7,4,101,101,0,0.0,0.1537079979349221,0.1537079979349221,0.0,0.0,15.045707839601956,True
ridge_teacher_binary,2,9,8,0,4,8,1,8,1.9369774420108454,0.1530025154936012,1.956066489208467,1.8030639737148657,1.8030639737148657,58.9655950270923,True
ridge_teacher_binary,2,9,8,1,4,8,1,8,1.9430150287746621,0.15300298042865762,1.936726536948805,1.7837235565201472,1.7837235565201472,58.55038374476447,True
ridge_teacher_binary,2,9,8,2,4,8,1,8,1.9497831819541596,0.1552919376602214,0.42020655323601197,0.26491461557579055,0.26491461557579055,55.9689010651057,True
ridge_teacher_binary,2,9,8,3,4,8,1,8,1.9370703639157898,0.15325996165416403,0.4321105637783186,0.2788506021241546,0.2788506021241546,58.56037395131633,True
ridge_teacher_binary,2,9,8,4,4,8,1,8,1.957348611040045,0.15482319419517157,0.6334286149565713,0.4786054207613998,0.4786054207613998,58.334559449137636,True
ridge_teacher_binary,2,9,8,5,4,8,1,8,1.939475237662044,0.15317890480555807,0.42329467300710255,0.2701157682015445,0.2701157682015445,57.55869168888467,True
ridge_teacher_binary,2,9,8,6,4,8,1,8,1.9509252887090682,0.15402151212578388,0.4201738052839305,0.2661522931581466,0.2661522931581466,58.922431493111084,True
ridge_teacher_binary,2,9,8,7,4,8,1,8,1.9439347481575222,0.15410454754152486,1.8027606485500287,1.648656101008504,1.648656101008504,55.11604795102252,True
ridge_teacher_binary,2,9,16,0,4,16,1,16,1.949392909170182,0.15370586341102488,0.4208957571969943,0.2671898937859694,0.2671898937859694,42.7377642789172,True
ridge_teacher_binary,2,9,16,1,4,16,1,16,1.9499792020127087,0.15349092601466344,0.4087461498207038,0.2552552238060404,0.2552552238060404,40.13205524937968,True
ridge_teacher_binary,2,9,16,2,4,16,1,16,1.94226893885832,0.15296105290633244,1.9674590026139833,1.814497949707651,1.814497949707651,41.393779340763615,True
ridge_teacher_binary,2,9,16,3,4,16,1,16,1.9378874985915897,0.1528657511207062,1.8876451550078623,1.7347794038871562,1.7347794038871562,41.433538984290216,True
ridge_teacher_binary,2,9,16,4,4,16,1,16,1.9448997357447275,0.15284697643223055,2.038798467619493,1.8859514911872624,1.8859514911872624,42.314789968724014,True
ridge_teacher_binary,2,9,16,5,4,16,1,16,1.936929954317943,0.15297183818647195,1.8333196039294894,1.6803477657430175,1.6803477657430175,41.90523059005491,True
ridge_teacher_binary,2,9,16,6,4,16,1,16,1.9406234401381381,0.15330021854680004,1.7517403289007405,1.5984401103539405,1.5984401103539405,41.77943903986032,True
ridge_teacher_binary,2,9,16,7,4,16,1,16,1.9523064931992054,0.1537962090119231,1.815506724219968,1.661710515208045,1.661710515208045,42.83221397837377,True
ridge_teacher_binary,2,9,32,0,4,32,19,14,0.01786720310890941,0.153695581588445,0.15369763058169048,2.0489932454625936e-06,2.0489932454625936e-06,30.22464413018382,True
ridge_teacher_binary,2,9,32,1,4,32,18,15,0.031062392068238843,0.153538100290673,0.15372071989314984,0.00018261960247684117,0.00018261960247684117,29.987453472509106,True
ridge_teacher_binary,2,9,32,2,4,32,20,13,0.04079331827805637,0.15379373485572345,0.1538587400839851,6.500522826163868e-05,6.500522826163868e-05,30.250203055080245,True
ridge_teacher_binary,2,9,32,3,4,32,21,12,0.17227365365007796,0.15402688485715726,0.15819363849034412,0.004166753633186859,0.004166753633186859,30.293821020331585,True
ridge_teacher_binary,2,9,32,4,4,32,19,14,0.32893521173884305,0.15478167496500636,0.15573875124740333,0.0009570762823969681,0.0009570762823969681,28.825988572003286,True
ridge_teacher_binary,2,9,32,5,4,32,19,14,0.024724056209282398,0.1529398103897723,0.1529802196597952,4.040927002288419e-05,4.040927002288419e-05,29.660582925112195,True
ridge_teacher_binary,2,9,32,6,4,32,21,12,0.03298047063740146,0.15483701682562484,0.1549910288259917,0.00015401200036685436,0.00015401200036685436,28.487181719634197,True
ridge_teacher_binary,2,9,32,7,4,31,20,12,0.013439247535381154,0.15401179336595758,0.15403001142329,1.821805733243087e-05,1.821805733243087e-05,30.154121476778503,True
ridge_teacher_binary,2,9,64,0,4,64,37,28,0.037547254789347076,0.15384342840446047,0.153872039509449,2.861110498852959e-05,2.861110498852959e-05,21.39476690718691,True
ridge_teacher_binary,2,9,64,1,4,63,42,22,0.10655852193271655,0.15468459624977188,0.1545176242886914,-0.00016697196108048096,0.0,21.20171646788638,True
ridge_teacher_binary,2,9,64,2,4,61,36,26,0.032285925775787254,0.1536612293292226,0.15378040113461167,0.00011917180538906225,0.00011917180538906225,21.194844426064208,True
ridge_teacher_binary,2,9,64,3,4,57,57,0,0.0,0.15363612462457804,0.15363612462457804,0.0,0.0,21.176799147271414,True
ridge_teacher_binary,2,9,64,4,4,55,55,0,0.0,0.15378450811578032,0.15378450811578032,0.0,0.0,21.39620315632667,True
ridge_teacher_binary,2,9,64,5,4,64,34,31,0.057618711979844,0.1537792579171598,0.15389622741664782,0.00011696949948802882,0.00011696949948802882,21.27829140638071,True
ridge_teacher_binary,2,9,64,6,4,61,38,24,0.030920317754791697,0.15382606919040565,0.1538184132346208,-7.655955784835466e-06,0.0,21.101789541964298,True
ridge_teacher_binary,2,9,64,7,4,64,40,25,0.03524670791583242,0.15376450440152645,0.1537638007224728,-7.036790536374404e-07,0.0,21.23838531712428,True
ridge_teacher_binary,2,9,128,0,4,110,110,0,0.0,0.15366464721349277,0.15366464721349277,0.0,0.0,15.07410960957797,True
ridge_teacher_binary,2,9,128,1,4,87,87,0,0.0,0.15375325557438857,0.15375325557438857,0.0,0.0,15.099758113809312,True
ridge_teacher_binary,2,9,128,2,4,91,91,0,0.0,0.15378878906220877,0.15378878906220877,0.0,0.0,15.00447861599521,True
ridge_teacher_binary,2,9,128,3,4,83,83,0,0.0,0.15381874642538437,0.15381874642538437,0.0,0.0,15.08620653975042,True
ridge_teacher_binary,2,9,128,4,4,91,91,0,0.0,0.15376169858871366,0.15376169858871366,0.0,0.0,15.080509553298109,True
ridge_teacher_binary,2,9,128,5,4,97,97,0,0.0,0.153737498387804,0.153737498387804,0.0,0.0,15.005405481429747,True
ridge_teacher_binary,2,9,128,6,4,94,94,0,0.0,0.15391958838138048,0.15391958838138048,0.0,0.0,15.145398154353513,True
ridge_teacher_binary,2,9,128,7,4,85,85,0,0.0,0.15384089113864824,0.15384089113864824,0.0,0.0,15.12634509034899,True
