dataset,input_dim,replicate,width,model_index,seed,objective,data_loss,l1_penalty,theta_l1,active_support,max_first_layer_norm,epochs_run,stop_reason,zero_objective
ridge_teacher,4,0,8,0,24261632,0.010888732504082748,0.0012766822390089716,0.009612050265073776,4.806025132536888,8,1.0,1166,patience,0.13907066674845023
ridge_teacher,4,0,8,1,24261633,0.01093036883378803,0.00130674307847797,0.00962362575531006,4.811812877655029,8,1.0,626,patience,0.13907066674845023
ridge_teacher,4,0,8,2,24261634,0.010909481556606641,0.0012620584680560736,0.009647423088550568,4.823711544275284,8,1.0,1481,patience,0.13907066674845023
ridge_teacher,4,0,8,3,24261635,0.01084316535054147,0.0012476421123594008,0.009595523238182068,4.797761619091034,8,1.0,1259,patience,0.13907066674845023
ridge_teacher,4,0,8,4,24261636,0.010974192496529426,0.0013662825190933609,0.009607909977436066,4.803954988718033,8,1.0,898,patience,0.13907066674845023
ridge_teacher,4,0,8,5,24261637,0.01102115720126141,0.001416772540540585,0.009604384660720826,4.802192330360413,8,1.0,1096,patience,0.13907066674845023
ridge_teacher,4,0,8,6,24261638,0.010872983481519112,0.001260011400811562,0.009612972080707551,4.806486040353775,8,1.0,1249,patience,0.13907066674845023
ridge_teacher,4,0,8,7,24261639,0.010835584810106493,0.0012088171747610336,0.00962676763534546,4.8133838176727295,8,1.0,1281,patience,0.13907066674845023
ridge_teacher,4,0,16,0,24262440,0.010758794272445915,0.0011369184648029771,0.009621875807642937,4.810937903821468,15,1.0,1435,patience,0.13907066674845023
ridge_teacher,4,0,16,1,24262441,0.010857834906997859,0.0012323373274232745,0.009625497579574585,4.8127487897872925,13,1.0,895,patience,0.13907066674845023
ridge_teacher,4,0,16,2,24262442,0.010783042118468368,0.0011575482492829207,0.009625493869185448,4.812746934592724,14,1.0,1097,patience,0.13907066674845023
ridge_teacher,4,0,16,3,24262443,0.010810994961970287,0.0011922483981780584,0.009618746563792229,4.809373281896114,11,1.0,1403,patience,0.13907066674845023
ridge_teacher,4,0,16,4,24262444,0.01080189687711853,0.0011841743360247047,0.009617722541093826,4.808861270546913,14,1.0,701,patience,0.13907066674845023
ridge_teacher,4,0,16,5,24262445,0.010842691275475828,0.0012344427455200813,0.009608248529955746,4.804124264977872,15,1.0,1399,patience,0.13907066674845023
ridge_teacher,4,0,16,6,24262446,0.010786672650710642,0.0011706609715381264,0.009616011679172516,4.808005839586258,14,1.0,1125,patience,0.13907066674845023
ridge_teacher,4,0,16,7,24262447,0.010773602013987811,0.001133237173361095,0.009640364840626716,4.820182420313358,15,1.0,1362,patience,0.13907066674845023
ridge_teacher,4,0,32,0,24264056,0.010785858419978148,0.001113226485692984,0.009672631934285164,4.836315967142582,22,1.0000000000000002,767,patience,0.13907066674845023
ridge_teacher,4,0,32,1,24264057,0.010729670975793228,0.0010780488219746204,0.009651622153818607,4.825811076909304,21,1.0,683,patience,0.13907066674845023
ridge_teacher,4,0,32,2,24264058,0.010758209466246345,0.0011314561956202764,0.009626753270626068,4.813376635313034,26,1.0000000000000002,667,patience,0.13907066674845023
ridge_teacher,4,0,32,3,24264059,0.010792065832428517,0.0011383629177137047,0.009653702914714813,4.826851457357407,18,1.0000000000000002,1018,patience,0.13907066674845023
ridge_teacher,4,0,32,4,24264060,0.010751155582850454,0.0010728491671733828,0.00967830641567707,4.839153207838535,24,1.0,631,patience,0.13907066674845023
ridge_teacher,4,0,32,5,24264061,0.010755744705234964,0.0011204912013163158,0.009635253503918648,4.817626751959324,23,1.0,796,patience,0.13907066674845023
ridge_teacher,4,0,32,6,24264062,0.010754558719067232,0.0011219105229958442,0.009632648196071387,4.816324098035693,24,1.0,744,patience,0.13907066674845023
ridge_teacher,4,0,32,7,24264063,0.010763949745568543,0.001126600348624495,0.009637349396944047,4.818674698472023,21,1.0,1417,patience,0.13907066674845023
ridge_teacher,4,0,64,0,24267288,0.010761746503757906,0.001109237065883947,0.00965250943787396,4.82625471893698,30,1.0,554,patience,0.13907066674845023
ridge_teacher,4,0,64,1,24267289,0.010745839121060642,0.0011009296199848968,0.009644909501075745,4.822454750537872,33,1.0000000000000002,956,patience,0.13907066674845023
ridge_teacher,4,0,64,2,24267290,0.010739517160290847,0.0011050138329807616,0.009634503327310086,4.817251663655043,33,1.0000000000000002,1067,patience,0.13907066674845023
ridge_teacher,4,0,64,3,24267291,0.010749066069008422,0.0011077657949492452,0.009641300274059177,4.820650137029588,30,1.0,1016,patience,0.13907066674845023
ridge_teacher,4,0,64,4,24267292,0.010746703649482658,0.0010803106972789075,0.009666392952203751,4.833196476101875,31,1.0000000000000002,782,patience,0.13907066674845023
ridge_teacher,4,0,64,5,24267293,0.01077015141393324,0.0011132168490000588,0.00965693456493318,4.82846728246659,34,1.0,514,patience,0.13907066674845023
ridge_teacher,4,0,64,6,24267294,0.010762033795551275,0.0011434539692335465,0.009618579826317728,4.809289913158864,29,1.0,582,patience,0.13907066674845023
ridge_teacher,4,0,64,7,24267295,0.010751711109242884,0.0011109571955721066,0.009640753913670778,4.820376956835389,33,1.0000000000000002,691,patience,0.13907066674845023
ridge_teacher,4,0,128,0,24273752,0.010781566979224817,0.0011121440267665556,0.009669422952458262,4.834711476229131,35,1.0,854,patience,0.13907066674845023
ridge_teacher,4,0,128,1,24273753,0.010741502757209467,0.0010886574192225215,0.009652845337986946,4.826422668993473,41,1.0,920,patience,0.13907066674845023
ridge_teacher,4,0,128,2,24273754,0.010768819723546074,0.0011314838605816825,0.009637335862964391,4.818667931482196,36,1.0,717,patience,0.13907066674845023
ridge_teacher,4,0,128,3,24273755,0.010756069345588856,0.0011144443463562655,0.00964162499923259,4.820812499616295,42,1.0,594,patience,0.13907066674845023
ridge_teacher,4,0,128,4,24273756,0.010748760353742925,0.0010930073223699018,0.009655753031373024,4.827876515686512,38,1.0,794,patience,0.13907066674845023
ridge_teacher,4,0,128,5,24273757,0.010755183704508021,0.001093609050226882,0.009661574654281139,4.83078732714057,42,1.0,625,patience,0.13907066674845023
ridge_teacher,4,0,128,6,24273758,0.010750091403229635,0.0010900436672107393,0.009660047736018897,4.830023868009448,37,1.0,671,patience,0.13907066674845023
ridge_teacher,4,0,128,7,24273759,0.01073358672657905,0.0010789256671994733,0.009654661059379578,4.827330529689789,41,1.0,745,patience,0.13907066674845023
ridge_teacher,4,1,8,0,24271639,0.01092299693121232,0.0013163095344475633,0.009606687396764756,4.803343698382378,8,1.0,1191,patience,0.13907066674845023
ridge_teacher,4,1,8,1,24271640,0.01090920634679501,0.0012919336121529816,0.009617272734642029,4.808636367321014,8,1.0,720,patience,0.13907066674845023
ridge_teacher,4,1,8,2,24271641,0.010872660692279792,0.001265812720602011,0.00960684797167778,4.80342398583889,8,1.0,1145,patience,0.13907066674845023
ridge_teacher,4,1,8,3,24271642,0.011010793454969189,0.0014066503122689932,0.009604143142700196,4.802071571350098,8,1.0,1267,patience,0.13907066674845023
ridge_teacher,4,1,8,4,24271643,0.010901514399030471,0.0013088016688611742,0.009592712730169296,4.796356365084648,8,1.0,1137,patience,0.13907066674845023
ridge_teacher,4,1,8,5,24271644,0.010874872153131475,0.001256363486377706,0.00961850866675377,4.8092543333768845,8,1.0,1433,patience,0.13907066674845023
ridge_teacher,4,1,8,6,24271645,0.010983168877419522,0.001368986226376584,0.009614182651042939,4.807091325521469,7,1.0,1676,patience,0.13907066674845023
ridge_teacher,4,1,8,7,24271646,0.010918071089061742,0.0012936813810195966,0.009624389708042145,4.812194854021072,8,1.0,824,patience,0.13907066674845023
ridge_teacher,4,1,16,0,24272447,0.010790464860756181,0.0011571014648268441,0.009633363395929337,4.816681697964668,15,1.0000000000000002,743,patience,0.13907066674845023
ridge_teacher,4,1,16,1,24272448,0.010755878231496157,0.0011126939421599517,0.009643184289336205,4.821592144668102,16,1.0,1352,patience,0.13907066674845023
ridge_teacher,4,1,16,2,24272449,0.010799936888036276,0.00120793324452355,0.009592003643512726,4.796001821756363,13,1.0000000000000002,1364,patience,0.13907066674845023
ridge_teacher,4,1,16,3,24272450,0.010780698571386473,0.0011543562598849693,0.009626342311501503,4.8131711557507515,15,1.0,745,patience,0.13907066674845023
ridge_teacher,4,1,16,4,24272451,0.010739974505286794,0.0011000040536933943,0.0096399704515934,4.8199852257966995,15,1.0,1145,patience,0.13907066674845023
ridge_teacher,4,1,16,5,24272452,0.010839409144250757,0.0011777976766508874,0.009661611467599869,4.830805733799934,16,1.0,509,patience,0.13907066674845023
ridge_teacher,4,1,16,6,24272453,0.01078860948427848,0.0011579879020088108,0.009630621582269669,4.815310791134834,14,1.0,1774,patience,0.13907066674845023
ridge_teacher,4,1,16,7,24272454,0.010788472221467105,0.0011406400811406056,0.0096478321403265,4.82391607016325,15,1.0,977,patience,0.13907066674845023
ridge_teacher,4,1,32,0,24274063,0.0107987698688059,0.0011344260050802375,0.009664343863725663,4.832171931862831,23,1.0,576,patience,0.13907066674845023
ridge_teacher,4,1,32,1,24274064,0.010809852297952553,0.0011893516774980036,0.00962050062045455,4.810250310227275,21,1.0000000000000002,543,patience,0.13907066674845023
ridge_teacher,4,1,32,2,24274065,0.010734650664881565,0.001086741723970272,0.009647908940911294,4.8239544704556465,24,1.0,1114,patience,0.13907066674845023
ridge_teacher,4,1,32,3,24274066,0.010746973989468174,0.001110380815278846,0.009636593174189328,4.818296587094665,23,1.0,750,patience,0.13907066674845023
ridge_teacher,4,1,32,4,24274067,0.010736832503543714,0.0010928396473988084,0.009643992856144906,4.8219964280724525,22,1.0,1161,patience,0.13907066674845023
ridge_teacher,4,1,32,5,24274068,0.010796262866199925,0.001169341219902948,0.009626921646296978,4.813460823148489,20,1.0,769,patience,0.13907066674845023
ridge_teacher,4,1,32,6,24274069,0.010772974681686469,0.0011448010770788867,0.009628173604607583,4.814086802303791,22,1.0000000000000002,1269,patience,0.13907066674845023
ridge_teacher,4,1,32,7,24274070,0.010741339396471448,0.0010980093085861886,0.00964333008788526,4.82166504394263,24,1.0000000000000002,890,patience,0.13907066674845023
ridge_teacher,4,1,64,0,24277295,0.010745921005266475,0.0010841041065330966,0.009661816898733378,4.830908449366689,29,1.0,747,patience,0.13907066674845023
ridge_teacher,4,1,64,1,24277296,0.010770387110993988,0.001125792130590206,0.009644594980403782,4.8222974902018905,35,1.0,585,patience,0.13907066674845023
ridge_teacher,4,1,64,2,24277297,0.010765819297148968,0.0011187148438534982,0.009647104453295469,4.823552226647735,30,1.0,899,patience,0.13907066674845023
ridge_teacher,4,1,64,3,24277298,0.010730111513803476,0.0010763583225707949,0.009653753191232682,4.826876595616341,33,1.0,663,patience,0.13907066674845023
ridge_teacher,4,1,64,4,24277299,0.01079196534809855,0.0011434161340930797,0.00964854921400547,4.824274607002735,31,1.0,623,patience,0.13907066674845023
ridge_teacher,4,1,64,5,24277300,0.010734138101816098,0.0010818261397182144,0.009652311962097884,4.826155981048942,33,1.0,1145,patience,0.13907066674845023
ridge_teacher,4,1,64,6,24277301,0.010736874126114859,0.0010766889417851103,0.009660185184329748,4.830092592164874,33,1.0,1039,patience,0.13907066674845023
ridge_teacher,4,1,64,7,24277302,0.010756921786935016,0.0011132449844190315,0.009643676802515985,4.821838401257992,32,1.0000000000000002,699,patience,0.13907066674845023
ridge_teacher,4,1,128,0,24283759,0.01077976852165179,0.0011254695865662537,0.009654298935085535,4.8271494675427675,41,1.0000000000000002,512,patience,0.13907066674845023
ridge_teacher,4,1,128,1,24283760,0.010778874506898841,0.0011357316353401755,0.009643142871558666,4.821571435779333,38,1.0000000000000002,662,patience,0.13907066674845023
ridge_teacher,4,1,128,2,24283761,0.010736727823458567,0.0010715012745484249,0.009665226548910142,4.8326132744550705,40,1.0000000000000002,868,patience,0.13907066674845023
ridge_teacher,4,1,128,3,24283762,0.010753291644985771,0.0011079209958119159,0.009645370649173856,4.822685324586928,45,1.0,530,patience,0.13907066674845023
ridge_teacher,4,1,128,4,24283763,0.01076613328662873,0.0011225952008849448,0.009643538085743785,4.8217690428718925,41,1.0000000000000002,761,patience,0.13907066674845023
ridge_teacher,4,1,128,5,24283764,0.010744639973149913,0.001097451525734084,0.00964718844741583,4.823594223707914,45,1.0,839,patience,0.13907066674845023
ridge_teacher,4,1,128,6,24283765,0.01075563930058943,0.0011224253372298344,0.009633213963359595,4.816606981679797,42,1.0000000000000002,735,patience,0.13907066674845023
ridge_teacher,4,1,128,7,24283766,0.01073955688832154,0.0010995479153638097,0.00964000897295773,4.820004486478865,42,1.0000000000000002,666,patience,0.13907066674845023
ridge_teacher,4,2,8,0,24281646,0.010852842562656409,0.0012427253656196642,0.009610117197036744,4.805058598518372,7,1.0,1157,patience,0.13907066674845023
ridge_teacher,4,2,8,1,24281647,0.01098852296451381,0.0013707885918979945,0.009617734372615814,4.808867186307907,8,1.0,1351,patience,0.13907066674845023
ridge_teacher,4,2,8,2,24281648,0.011006050377202111,0.0014187591961146186,0.009587291181087493,4.793645590543747,8,1.0,1718,patience,0.13907066674845023
ridge_teacher,4,2,8,3,24281649,0.011989206427279507,0.002666609936896359,0.009322596490383148,4.661298245191574,8,1.0,733,patience,0.13907066674845023
ridge_teacher,4,2,8,4,24281650,0.010838083840720941,0.0012109714223077783,0.009627112418413162,4.813556209206581,8,1.0,1187,patience,0.13907066674845023
ridge_teacher,4,2,8,5,24281651,0.010861076416271065,0.0012361236827543723,0.009624952733516693,4.812476366758347,8,1.0,1377,patience,0.13907066674845023
ridge_teacher,4,2,8,6,24281652,0.011997561209127568,0.002642633550092839,0.009354927659034729,4.6774638295173645,8,1.0,1120,patience,0.13907066674845023
ridge_teacher,4,2,8,7,24281653,0.010933475607827866,0.0013246750773942115,0.009608800530433654,4.804400265216827,8,1.0,982,patience,0.13907066674845023
ridge_teacher,4,2,16,0,24282454,0.010791066919337716,0.001149555270444359,0.009641511648893356,4.820755824446678,14,1.0,1172,patience,0.13907066674845023
ridge_teacher,4,2,16,1,24282455,0.010828547000185691,0.001191484912530623,0.009637062087655067,4.818531043827534,14,1.0,1013,patience,0.13907066674845023
ridge_teacher,4,2,16,2,24282456,0.010794566580855402,0.001179499411785158,0.009615067169070244,4.807533584535122,14,1.0,649,patience,0.13907066674845023
ridge_teacher,4,2,16,3,24282457,0.010840353083642163,0.0011893051348942894,0.009651047948747873,4.825523974373937,14,1.0,996,patience,0.13907066674845023
ridge_teacher,4,2,16,4,24282458,0.010791586463020772,0.0011717302097544373,0.009619856253266335,4.809928126633167,13,1.0,1800,max_epochs,0.13907066674845023
ridge_teacher,4,2,16,5,24282459,0.010825771697480146,0.0011909363946504042,0.009634835302829742,4.817417651414871,12,1.0,1661,patience,0.13907066674845023
ridge_teacher,4,2,16,6,24282460,0.01081224598011752,0.0011732481422164027,0.009638997837901116,4.819498918950558,13,1.0,888,patience,0.13907066674845023
ridge_teacher,4,2,16,7,24282461,0.010842566158630646,0.0012309174649498828,0.009611648693680764,4.805824346840382,12,1.0,1609,patience,0.13907066674845023
ridge_teacher,4,2,32,0,24284070,0.010751794028846583,0.0011233342250865318,0.009628459803760052,4.814229901880026,23,1.0,1245,patience,0.13907066674845023
ridge_teacher,4,2,32,1,24284071,0.010762480038900775,0.0011196347211794076,0.009642845317721367,4.821422658860683,22,1.0,666,patience,0.13907066674845023
ridge_teacher,4,2,32,2,24284072,0.010771591839925997,0.0011413508184120581,0.00963024102151394,4.8151205107569695,24,1.0,1343,patience,0.13907066674845023
ridge_teacher,4,2,32,3,24284073,0.010764362315007778,0.001127620274492832,0.009636742040514946,4.818371020257473,21,1.0000000000000002,614,patience,0.13907066674845023
ridge_teacher,4,2,32,4,24284074,0.010734266045316786,0.001077145469188423,0.009657120576128364,4.828560288064182,25,1.0,890,patience,0.13907066674845023
ridge_teacher,4,2,32,5,24284075,0.010764109848516633,0.001137837155240228,0.009626272693276405,4.813136346638203,22,1.0,726,patience,0.13907066674845023
ridge_teacher,4,2,32,6,24284076,0.010767266245814464,0.0011254542118631819,0.009641812033951282,4.820906016975641,20,1.0,1000,patience,0.13907066674845023
ridge_teacher,4,2,32,7,24284077,0.010731731766906345,0.0010846231822639345,0.00964710858464241,4.823554292321205,22,1.0,842,patience,0.13907066674845023
ridge_teacher,4,2,64,0,24287302,0.010740447847615114,0.0010993776921882539,0.00964107015542686,4.82053507771343,31,1.0000000000000002,905,patience,0.13907066674845023
ridge_teacher,4,2,64,1,24287303,0.010758361189777008,0.0011145672082546858,0.009643793981522321,4.821896990761161,31,1.0,964,patience,0.13907066674845023
ridge_teacher,4,2,64,2,24287304,0.010759051774279936,0.0011137124510721995,0.009645339323207736,4.822669661603868,34,1.0,807,patience,0.13907066674845023
ridge_teacher,4,2,64,3,24287305,0.01073834414742012,0.001093107886231136,0.009645236261188983,4.822618130594492,27,1.0000000000000002,843,patience,0.13907066674845023
ridge_teacher,4,2,64,4,24287306,0.010733166183377114,0.0010888771796919979,0.009644289003685117,4.822144501842558,33,1.0,950,patience,0.13907066674845023
ridge_teacher,4,2,64,5,24287307,0.010723217683363463,0.001089583263251687,0.009633634420111776,4.816817210055888,33,1.0,761,patience,0.13907066674845023
ridge_teacher,4,2,64,6,24287308,0.010730460831968448,0.0010620542113467656,0.009668406620621682,4.834203310310841,29,1.0,1274,patience,0.13907066674845023
ridge_teacher,4,2,64,7,24287309,0.010722842744872446,0.0010791372352694235,0.009643705509603024,4.821852754801512,32,1.0,893,patience,0.13907066674845023
ridge_teacher,4,2,128,0,24293766,0.010755456988222285,0.0011069840011069003,0.009648472987115384,4.824236493557692,44,1.0,775,patience,0.13907066674845023
ridge_teacher,4,2,128,1,24293767,0.010772157079509823,0.0011160552976349275,0.009656101781874895,4.8280508909374475,43,1.0,1028,patience,0.13907066674845023
ridge_teacher,4,2,128,2,24293768,0.010755153419584253,0.0011069176496418497,0.009648235769942403,4.824117884971201,41,1.0,602,patience,0.13907066674845023
ridge_teacher,4,2,128,3,24293769,0.010743640069858474,0.0010979156056505864,0.009645724464207887,4.822862232103944,38,1.0,742,patience,0.13907066674845023
ridge_teacher,4,2,128,4,24293770,0.01075688768025051,0.00111857627179037,0.00963831140846014,4.81915570423007,41,1.0000000000000002,716,patience,0.13907066674845023
ridge_teacher,4,2,128,5,24293771,0.010741795904675815,0.00109326795835266,0.009648527946323156,4.824263973161578,41,1.0,612,patience,0.13907066674845023
ridge_teacher,4,2,128,6,24293772,0.010782158388395682,0.0011175319874779132,0.009664626400917769,4.832313200458884,39,1.0,741,patience,0.13907066674845023
ridge_teacher,4,2,128,7,24293773,0.01072294092143901,0.0010755526792538956,0.009647388242185116,4.823694121092558,40,1.0,642,patience,0.13907066674845023
ridge_teacher,4,3,8,0,24291653,0.0108990968668751,0.001286332389145302,0.009612764477729798,4.806382238864899,8,1.0,619,patience,0.13907066674845023
ridge_teacher,4,3,8,1,24291654,0.010910177836408918,0.0013018784618285349,0.009608299374580383,4.804149687290192,8,1.0,654,patience,0.13907066674845023
ridge_teacher,4,3,8,2,24291655,0.010987122070195992,0.0013588273340490638,0.009628294736146927,4.814147368073463,7,0.9999999999999999,1338,patience,0.13907066674845023
ridge_teacher,4,3,8,3,24291656,0.010905932197913944,0.001305072436675845,0.009600859761238098,4.800429880619049,8,1.0,1180,patience,0.13907066674845023
ridge_teacher,4,3,8,4,24291657,0.010856435645033117,0.0012637821320784055,0.009592653512954711,4.796326756477356,8,1.0,1372,patience,0.13907066674845023
ridge_teacher,4,3,8,5,24291658,0.0108893405210837,0.0012869912993773093,0.00960234922170639,4.801174610853195,8,1.0,628,patience,0.13907066674845023
ridge_teacher,4,3,8,6,24291659,0.010880644032143732,0.001266431936406275,0.009614212095737457,4.807106047868729,7,1.0,1303,patience,0.13907066674845023
ridge_teacher,4,3,8,7,24291660,0.010887856044109294,0.0012618775146560149,0.009625978529453278,4.812989264726639,8,1.0,1000,patience,0.13907066674845023
ridge_teacher,4,3,16,0,24292461,0.010804742338122252,0.0011694403905285614,0.00963530194759369,4.8176509737968445,12,1.0,1331,patience,0.13907066674845023
ridge_teacher,4,3,16,1,24292462,0.010862059682517019,0.0012267479746627477,0.00963531170785427,4.8176558539271355,14,1.0,537,patience,0.13907066674845023
ridge_teacher,4,3,16,2,24292463,0.0107679749983682,0.0011407264317704986,0.0096272485665977,4.81362428329885,15,1.0,906,patience,0.13907066674845023
ridge_teacher,4,3,16,3,24292464,0.010780177355501913,0.0011374483115413404,0.009642729043960572,4.821364521980286,14,1.0,845,patience,0.13907066674845023
ridge_teacher,4,3,16,4,24292465,0.01076685639119803,0.0011416125634974154,0.009625243827700615,4.8126219138503075,16,1.0,1138,patience,0.13907066674845023
ridge_teacher,4,3,16,5,24292466,0.010759148146259851,0.0011346543089032846,0.009624493837356567,4.812246918678284,15,1.0,1099,patience,0.13907066674845023
ridge_teacher,4,3,16,6,24292467,0.010769291640827077,0.001134637461611645,0.009634654179215432,4.817327089607716,15,1.0,1290,patience,0.13907066674845023
ridge_teacher,4,3,16,7,24292468,0.010853278662346737,0.0012336518869627891,0.009619626775383949,4.809813387691975,15,1.0,953,patience,0.13907066674845023
ridge_teacher,4,3,32,0,24294077,0.010746685621770384,0.0011112416847369685,0.009635443937033415,4.817721968516707,24,1.0,938,patience,0.13907066674845023
ridge_teacher,4,3,32,1,24294078,0.01073106715276735,0.001072561884372403,0.009658505268394946,4.8292526341974735,26,1.0000000000000002,989,patience,0.13907066674845023
ridge_teacher,4,3,32,2,24294079,0.010757754703266847,0.0011099244255854952,0.009647830277681351,4.823915138840675,22,1.0,1209,patience,0.13907066674845023
ridge_teacher,4,3,32,3,24294080,0.010753087721798497,0.0010988507718182373,0.00965423694998026,4.8271184749901295,24,1.0,639,patience,0.13907066674845023
ridge_teacher,4,3,32,4,24294081,0.010764095382615198,0.001121356922983396,0.009642738459631801,4.8213692298159,20,1.0,1158,patience,0.13907066674845023
ridge_teacher,4,3,32,5,24294082,0.010760096043347324,0.0010994128510346066,0.009660683192312718,4.830341596156359,21,1.0,820,patience,0.13907066674845023
ridge_teacher,4,3,32,6,24294083,0.010771175414345444,0.0011213859319903266,0.009649789482355118,4.824894741177559,22,1.0,817,patience,0.13907066674845023
ridge_teacher,4,3,32,7,24294084,0.010806555290120508,0.0011299549102511662,0.009676600379869341,4.838300189934671,23,1.0,657,patience,0.13907066674845023
ridge_teacher,4,3,64,0,24297309,0.010747465251159393,0.00110892938650819,0.009638535864651203,4.819267932325602,31,1.0,657,patience,0.13907066674845023
ridge_teacher,4,3,64,1,24297310,0.010761176773517513,0.001121643089859867,0.009639533683657647,4.819766841828823,32,1.0,815,patience,0.13907066674845023
ridge_teacher,4,3,64,2,24297311,0.010735594975841709,0.0010852672430551721,0.009650327732786537,4.825163866393268,27,1.0,1053,patience,0.13907066674845023
ridge_teacher,4,3,64,3,24297312,0.010776282169771658,0.0011264580571179255,0.009649824112653733,4.824912056326866,29,1.0000000000000002,818,patience,0.13907066674845023
ridge_teacher,4,3,64,4,24297313,0.010746454088612072,0.0010830348754661,0.00966341921314597,4.831709606572986,33,1.0,691,patience,0.13907066674845023
ridge_teacher,4,3,64,5,24297314,0.010752261023469298,0.0010932640893981163,0.009658996934071183,4.829498467035592,29,1.0,910,patience,0.13907066674845023
ridge_teacher,4,3,64,6,24297315,0.010737678064104007,0.0010862283241709937,0.009651449739933014,4.825724869966507,29,1.0000000000000002,741,patience,0.13907066674845023
ridge_teacher,4,3,64,7,24297316,0.01075352511538307,0.0010994976310257124,0.009654027484357357,4.8270137421786785,28,1.0,777,patience,0.13907066674845023
ridge_teacher,4,3,128,0,24303773,0.010738137882446047,0.001087091963981386,0.00965104591846466,4.82552295923233,41,1.0,688,patience,0.13907066674845023
ridge_teacher,4,3,128,1,24303774,0.010782899309223054,0.0011353864858797754,0.009647512823343278,4.8237564116716385,38,1.0000000000000002,885,patience,0.13907066674845023
ridge_teacher,4,3,128,2,24303775,0.010780264071760604,0.0011245506728197435,0.009655713398940861,4.827856699470431,39,1.0000000000000002,574,patience,0.13907066674845023
ridge_teacher,4,3,128,3,24303776,0.010749065569401719,0.0011021253120014438,0.009646940257400274,4.823470128700137,40,1.0,718,patience,0.13907066674845023
ridge_teacher,4,3,128,4,24303777,0.010767597065367222,0.0011076825475920436,0.009659914517775179,4.829957258887589,34,1.0,958,patience,0.13907066674845023
ridge_teacher,4,3,128,5,24303778,0.010749591041617193,0.0010976524709538607,0.009651938570663333,4.8259692853316665,44,1.0000000000000002,759,patience,0.13907066674845023
ridge_teacher,4,3,128,6,24303779,0.010763384160276435,0.0011198929945639604,0.009643491165712476,4.821745582856238,42,1.0,905,patience,0.13907066674845023
ridge_teacher,4,3,128,7,24303780,0.010753361349646938,0.0011052877490418081,0.00964807360060513,4.824036800302565,36,1.0000000000000002,722,patience,0.13907066674845023
ridge_teacher,4,4,8,0,24301660,0.010992387916456613,0.0013963499325622658,0.009596037983894348,4.798018991947174,8,1.0,1221,patience,0.13907066674845023
ridge_teacher,4,4,8,1,24301661,0.010928071893537597,0.0012586238456612395,0.009669448047876358,4.834724023938179,8,1.0,702,patience,0.13907066674845023
ridge_teacher,4,4,8,2,24301662,0.01099151408995271,0.0013634243043768417,0.009628089785575868,4.814044892787933,6,1.0,1800,max_epochs,0.13907066674845023
ridge_teacher,4,4,8,3,24301663,0.01196343557197072,0.0025643584545276357,0.009399077117443085,4.699538558721542,8,0.9999999999999999,567,patience,0.13907066674845023
ridge_teacher,4,4,8,4,24301664,0.010873488350766587,0.001268600507634568,0.009604887843132019,4.8024439215660095,8,1.0,893,patience,0.13907066674845023
ridge_teacher,4,4,8,5,24301665,0.01090854464196138,0.0012997346492903677,0.009608809992671013,4.804404996335506,8,1.0,742,patience,0.13907066674845023
ridge_teacher,4,4,8,6,24301666,0.011003742992659951,0.0013765030501092911,0.00962723994255066,4.81361997127533,8,1.0,1800,max_epochs,0.13907066674845023
ridge_teacher,4,4,8,7,24301667,0.010856516887170806,0.0012405621900386952,0.00961595469713211,4.807977348566055,8,1.0,1147,patience,0.13907066674845023
ridge_teacher,4,4,16,0,24302468,0.010833350147863186,0.0012157000115115993,0.009617650136351586,4.808825068175793,11,1.0,1423,patience,0.13907066674845023
ridge_teacher,4,4,16,1,24302469,0.010795352751727156,0.001170566460455708,0.009624786291271448,4.812393145635724,15,1.0000000000000002,1660,patience,0.13907066674845023
ridge_teacher,4,4,16,2,24302470,0.010754620779535479,0.0011315230021688397,0.009623097777366639,4.811548888683319,16,1.0,1800,max_epochs,0.13907066674845023
ridge_teacher,4,4,16,3,24302471,0.0107749480029075,0.0011388335098950712,0.009636114493012429,4.818057246506214,13,1.0,1278,patience,0.13907066674845023
ridge_teacher,4,4,16,4,24302472,0.010764628971625246,0.0011193370322474616,0.009645291939377784,4.822645969688892,14,1.0,1039,patience,0.13907066674845023
ridge_teacher,4,4,16,5,24302473,0.010788140629871875,0.001159190428896933,0.009628950200974942,4.814475100487471,16,1.0,831,patience,0.13907066674845023
ridge_teacher,4,4,16,6,24302474,0.010830740200394725,0.0012041785605642543,0.00962656163983047,4.813280819915235,14,1.0,625,patience,0.13907066674845023
ridge_teacher,4,4,16,7,24302475,0.010784296787184516,0.0011318538941711583,0.009652442893013358,4.826221446506679,15,1.0,1303,patience,0.13907066674845023
ridge_teacher,4,4,32,0,24304084,0.01072490892203315,0.00106067705543502,0.009664231866598129,4.832115933299065,23,1.0,1084,patience,0.13907066674845023
ridge_teacher,4,4,32,1,24304085,0.010776752978099234,0.001122100386304504,0.00965465259179473,4.827326295897365,19,1.0,1194,patience,0.13907066674845023
ridge_teacher,4,4,32,2,24304086,0.010731671244370296,0.0010872056935900005,0.009644465550780296,4.822232775390148,24,1.0000000000000002,943,patience,0.13907066674845023
ridge_teacher,4,4,32,3,24304087,0.010769685493914922,0.0011274536122964222,0.0096422318816185,4.82111594080925,20,1.0,895,patience,0.13907066674845023
ridge_teacher,4,4,32,4,24304088,0.010741096319306013,0.0011074143216491911,0.009633681997656822,4.816840998828411,20,1.0,973,patience,0.13907066674845023
ridge_teacher,4,4,32,5,24304089,0.010737827404303986,0.0010852285203473155,0.00965259888395667,4.826299441978335,24,1.0000000000000002,683,patience,0.13907066674845023
ridge_teacher,4,4,32,6,24304090,0.010752306279817443,0.0011120044413002546,0.009640301838517188,4.8201509192585945,22,1.0,1800,max_epochs,0.13907066674845023
ridge_teacher,4,4,32,7,24304091,0.010756294117328091,0.0011282272665019454,0.009628066850826145,4.814033425413072,25,1.0,1351,patience,0.13907066674845023
ridge_teacher,4,4,64,0,24307316,0.010757827019400576,0.001124925373203734,0.009632901646196842,4.816450823098421,28,1.0,776,patience,0.13907066674845023
ridge_teacher,4,4,64,1,24307317,0.010765515509367777,0.0011290189747967256,0.009636496534571052,4.818248267285526,32,1.0,1042,patience,0.13907066674845023
ridge_teacher,4,4,64,2,24307318,0.01074863208344094,0.0011051687652047666,0.009643463318236173,4.821731659118086,34,1.0,518,patience,0.13907066674845023
ridge_teacher,4,4,64,3,24307319,0.01074974138655352,0.0010948015283106505,0.00965493985824287,4.827469929121435,30,1.0,722,patience,0.13907066674845023
ridge_teacher,4,4,64,4,24307320,0.010735099765057347,0.0010793257696131693,0.009655773995444178,4.827886997722089,30,1.0,865,patience,0.13907066674845023
ridge_teacher,4,4,64,5,24307321,0.010766940850390642,0.0011037236448363946,0.009663217205554247,4.8316086027771235,27,1.0,718,patience,0.13907066674845023
ridge_teacher,4,4,64,6,24307322,0.01074128224457453,0.0010769056020195312,0.009664376642555,4.832188321277499,32,1.0,867,patience,0.13907066674845023
ridge_teacher,4,4,64,7,24307323,0.01072097372914641,0.0010731874434181945,0.009647786285728216,4.823893142864108,29,1.0,707,patience,0.13907066674845023
ridge_teacher,4,4,128,0,24313780,0.010771675219065396,0.001115607663295117,0.009656067555770278,4.828033777885139,39,1.0,828,patience,0.13907066674845023
ridge_teacher,4,4,128,1,24313781,0.0107509720796851,0.0010830293154475772,0.009667942764237523,4.8339713821187615,37,1.0,759,patience,0.13907066674845023
ridge_teacher,4,4,128,2,24313782,0.010752095545088533,0.0010932681582920577,0.009658827386796475,4.829413693398237,37,1.0,664,patience,0.13907066674845023
ridge_teacher,4,4,128,3,24313783,0.01078498183674597,0.001126485048974387,0.009658496787771583,4.829248393885791,37,1.0,1111,patience,0.13907066674845023
ridge_teacher,4,4,128,4,24313784,0.010749911404645325,0.0011054763416408315,0.009644435063004494,4.822217531502247,41,1.0,636,patience,0.13907066674845023
ridge_teacher,4,4,128,5,24313785,0.010743677196909945,0.001080280577649634,0.009663396619260311,4.831698309630156,43,1.0000000000000002,812,patience,0.13907066674845023
ridge_teacher,4,4,128,6,24313786,0.010755908346530474,0.0010949107434418558,0.009660997603088618,4.830498801544309,44,1.0000000000000002,648,patience,0.13907066674845023
ridge_teacher,4,4,128,7,24313787,0.010739388986334052,0.0010843039255885748,0.009655085060745477,4.827542530372739,40,1.0000000000000002,589,patience,0.13907066674845023
ridge_teacher,4,5,8,0,24311667,0.010845998910257847,0.001231492069551976,0.009614506840705871,4.807253420352936,8,1.0,984,patience,0.13907066674845023
ridge_teacher,4,5,8,1,24311668,0.011997769524408008,0.002666681041074421,0.009331088483333588,4.665544241666794,8,1.0,911,patience,0.13907066674845023
ridge_teacher,4,5,8,2,24311669,0.011987831401648386,0.0026411368129871924,0.009346694588661194,4.673347294330597,8,1.0,1800,max_epochs,0.13907066674845023
ridge_teacher,4,5,8,3,24311670,0.010873362278400914,0.001286765103994861,0.009586597174406053,4.793298587203026,8,1.0,733,patience,0.13907066674845023
ridge_teacher,4,5,8,4,24311671,0.011981431951708562,0.0026124882604548986,0.009368943691253663,4.684471845626831,8,1.0000000000000002,935,patience,0.13907066674845023
ridge_teacher,4,5,8,5,24311672,0.010947239711768782,0.0013164678065849898,0.009630771905183792,4.815385952591896,8,1.0,1198,patience,0.13907066674845023
ridge_teacher,4,5,8,6,24311673,0.01130735856662875,0.0017837636507618989,0.009523594915866853,4.761797457933426,7,1.0,756,patience,0.13907066674845023
ridge_teacher,4,5,8,7,24311674,0.010886518189113372,0.0012871050922086175,0.009599413096904754,4.799706548452377,8,1.0,959,patience,0.13907066674845023
ridge_teacher,4,5,16,0,24312475,0.010832749191932075,0.001229971979073875,0.0096027772128582,4.8013886064291,15,1.0,910,patience,0.13907066674845023
ridge_teacher,4,5,16,1,24312476,0.01078799316010767,0.0011476041050940136,0.009640389055013656,4.820194527506828,15,1.0000000000000002,874,patience,0.13907066674845023
ridge_teacher,4,5,16,2,24312477,0.01076870299396234,0.0011529866856070062,0.009615716308355332,4.807858154177666,14,1.0,862,patience,0.13907066674845023
ridge_teacher,4,5,16,3,24312478,0.010783432339186168,0.0011610008970446355,0.009622431442141532,4.8112157210707664,14,1.0,1001,patience,0.13907066674845023
ridge_teacher,4,5,16,4,24312479,0.010780456404406643,0.0011262292221375463,0.009654227182269097,4.827113591134548,15,1.0,747,patience,0.13907066674845023
ridge_teacher,4,5,16,5,24312480,0.010783787206718179,0.0011509856460331404,0.009632801560685038,4.816400780342519,16,1.0,1099,patience,0.13907066674845023
ridge_teacher,4,5,16,6,24312481,0.010786582468178147,0.0011727309805415805,0.009613851487636566,4.806925743818283,12,1.0,1324,patience,0.13907066674845023
ridge_teacher,4,5,16,7,24312482,0.01081458579056581,0.0012027690639408457,0.009611816726624966,4.805908363312483,16,1.0,1055,patience,0.13907066674845023
ridge_teacher,4,5,32,0,24314091,0.010749138081418547,0.0010986430886855455,0.009650494992733002,4.825247496366501,24,1.0,1000,patience,0.13907066674845023
ridge_teacher,4,5,32,1,24314092,0.010747046997409453,0.001113379118602862,0.009633667878806592,4.8168339394032955,22,1.0000000000000002,991,patience,0.13907066674845023
ridge_teacher,4,5,32,2,24314093,0.010743724448691254,0.0010800915044649896,0.009663632944226265,4.8318164721131325,22,1.0,999,patience,0.13907066674845023
ridge_teacher,4,5,32,3,24314094,0.010743211078949513,0.0011141287344771057,0.009629082344472408,4.814541172236204,24,1.0,861,patience,0.13907066674845023
ridge_teacher,4,5,32,4,24314095,0.010745593926064546,0.0010901710448189333,0.009655422881245613,4.8277114406228065,21,1.0,1072,patience,0.13907066674845023
ridge_teacher,4,5,32,5,24314096,0.010721955062073976,0.0010816368769829571,0.009640318185091019,4.820159092545509,22,1.0,683,patience,0.13907066674845023
ridge_teacher,4,5,32,6,24314097,0.010761470569815548,0.0011093368330561235,0.009652133736759425,4.826066868379712,23,1.0,591,patience,0.13907066674845023
ridge_teacher,4,5,32,7,24314098,0.010784471983533037,0.0011355360247899402,0.009648935958743096,4.824467979371548,22,1.0,819,patience,0.13907066674845023
ridge_teacher,4,5,64,0,24317323,0.01074239802886462,0.0011053450011155586,0.009637053027749061,4.818526513874531,28,1.0000000000000002,704,patience,0.13907066674845023
ridge_teacher,4,5,64,1,24317324,0.010783388832407446,0.0011547650376431667,0.00962862379476428,4.81431189738214,30,1.0,749,patience,0.13907066674845023
ridge_teacher,4,5,64,2,24317325,0.010769788007283418,0.0011209446834715283,0.00964884332381189,4.824421661905944,30,1.0,788,patience,0.13907066674845023
ridge_teacher,4,5,64,3,24317326,0.010750501570802344,0.0010966084055119868,0.009653893165290356,4.826946582645178,29,1.0,1094,patience,0.13907066674845023
ridge_teacher,4,5,64,4,24317327,0.010731156964812716,0.0010650806995372384,0.009666076265275478,4.833038132637739,31,1.0,826,patience,0.13907066674845023
ridge_teacher,4,5,64,5,24317328,0.010758226420236352,0.001118459123624089,0.009639767296612263,4.819883648306131,32,1.0,601,patience,0.13907066674845023
ridge_teacher,4,5,64,6,24317329,0.010740190729183823,0.001095446129945785,0.009644744599238038,4.822372299619019,31,1.0,612,patience,0.13907066674845023
ridge_teacher,4,5,64,7,24317330,0.010759151008574054,0.0011066873507925724,0.009652463657781482,4.826231828890741,29,1.0000000000000002,902,patience,0.13907066674845023
ridge_teacher,4,5,128,0,24323787,0.01076271061975716,0.0010840512179231489,0.009678659401834011,4.8393297009170055,41,1.0000000000000002,546,patience,0.13907066674845023
ridge_teacher,4,5,128,1,24323788,0.010761128978019435,0.0011040302563066074,0.009657098721712828,4.828549360856414,38,1.0,1011,patience,0.13907066674845023
ridge_teacher,4,5,128,2,24323789,0.010760112261782633,0.0011025657694891538,0.009657546492293478,4.8287732461467385,39,1.0,930,patience,0.13907066674845023
ridge_teacher,4,5,128,3,24323790,0.010756948139446791,0.0011033244653819165,0.009653623674064875,4.826811837032437,42,1.0,699,patience,0.13907066674845023
ridge_teacher,4,5,128,4,24323791,0.0107444501591925,0.0010889289693985563,0.009655521189793945,4.827760594896972,43,1.0,531,patience,0.13907066674845023
ridge_teacher,4,5,128,5,24323792,0.010767263062307924,0.0011245477665311982,0.009642715295776726,4.821357647888362,34,1.0,748,patience,0.13907066674845023
ridge_teacher,4,5,128,6,24323793,0.010758064427641887,0.0011185622413137132,0.009639502186328173,4.819751093164086,39,1.0,748,patience,0.13907066674845023
ridge_teacher,4,5,128,7,24323794,0.010727228457453015,0.0010769511557838939,0.00965027730166912,4.82513865083456,43,1.0,759,patience,0.13907066674845023
ridge_teacher,4,6,8,0,24321674,0.010893228471080343,0.0012849091885486037,0.009608319282531738,4.804159641265869,8,1.0,576,patience,0.13907066674845023
ridge_teacher,4,6,8,1,24321675,0.010950469361627045,0.0013406129945158394,0.009609856367111206,4.804928183555603,8,1.0,979,patience,0.13907066674845023
ridge_teacher,4,6,8,2,24321676,0.010849894819737261,0.0012326525281675519,0.00961724229156971,4.808621145784855,8,1.0,1264,patience,0.13907066674845023
ridge_teacher,4,6,8,3,24321677,0.01088124443766201,0.0012720242309244938,0.009609220206737518,4.804610103368759,8,1.0,1187,patience,0.13907066674845023
ridge_teacher,4,6,8,4,24321678,0.01084497766824463,0.0012614796075413515,0.009583498060703279,4.791749030351639,8,1.0,1705,patience,0.13907066674845023
ridge_teacher,4,6,8,5,24321679,0.010881995455232416,0.0012999847092302183,0.009582010746002198,4.791005373001099,8,1.0,561,patience,0.13907066674845023
ridge_teacher,4,6,8,6,24321680,0.011012978429377498,0.0014145773001317408,0.009598401129245758,4.799200564622879,7,1.0,1705,patience,0.13907066674845023
ridge_teacher,4,6,8,7,24321681,0.010865955215610124,0.0012689133106838241,0.0095970419049263,4.79852095246315,8,1.0,1360,patience,0.13907066674845023
ridge_teacher,4,6,16,0,24322482,0.010815058939451942,0.0011703751276383489,0.009644683811813593,4.8223419059067965,16,1.0,756,patience,0.13907066674845023
ridge_teacher,4,6,16,1,24322483,0.010800488104397328,0.001181532045179875,0.009618956059217454,4.8094780296087265,13,1.0000000000000002,1267,patience,0.13907066674845023
ridge_teacher,4,6,16,2,24322484,0.010875651935758448,0.0012483474711798201,0.009627304464578629,4.813652232289314,15,1.0,562,patience,0.13907066674845023
ridge_teacher,4,6,16,3,24322485,0.010808655466545702,0.0011728835661302802,0.00963577190041542,4.81788595020771,16,1.0000000000000002,1092,patience,0.13907066674845023
ridge_teacher,4,6,16,4,24322486,0.01077152133517355,0.001163320457268657,0.009608200877904892,4.804100438952446,12,1.0000000000000002,1800,max_epochs,0.13907066674845023
ridge_teacher,4,6,16,5,24322487,0.010795251836105071,0.001169300873800002,0.009625950962305068,4.8129754811525345,13,1.0,848,patience,0.13907066674845023
ridge_teacher,4,6,16,6,24322488,0.010790919975451221,0.0011721897470569518,0.00961873022839427,4.809365114197135,14,1.0,954,patience,0.13907066674845023
ridge_teacher,4,6,16,7,24322489,0.01085024825274983,0.0012290853762630515,0.009621162876486778,4.810581438243389,14,1.0,669,patience,0.13907066674845023
ridge_teacher,4,6,32,0,24324098,0.01073027212493391,0.0010615967655953878,0.009668675359338522,4.834337679669261,22,1.0,1192,patience,0.13907066674845023
ridge_teacher,4,6,32,1,24324099,0.010771715951139566,0.001113044460291501,0.009658671490848064,4.829335745424032,23,1.0,678,patience,0.13907066674845023
ridge_teacher,4,6,32,2,24324100,0.01077202135936205,0.0011481705369133196,0.00962385082244873,4.811925411224365,19,1.0,1083,patience,0.13907066674845023
ridge_teacher,4,6,32,3,24324101,0.010792829354095673,0.0011287441372754324,0.00966408521682024,4.83204260841012,21,1.0,736,patience,0.13907066674845023
ridge_teacher,4,6,32,4,24324102,0.010756715147478163,0.001120128995461046,0.009636586152017117,4.818293076008558,22,1.0,900,patience,0.13907066674845023
ridge_teacher,4,6,32,5,24324103,0.01072835209706825,0.0010774359528164257,0.009650916144251823,4.825458072125912,23,1.0000000000000002,1094,patience,0.13907066674845023
ridge_teacher,4,6,32,6,24324104,0.010730255668349186,0.001099269260950009,0.009630986407399178,4.815493203699589,21,1.0,948,patience,0.13907066674845023
ridge_teacher,4,6,32,7,24324105,0.010756810193545824,0.0011002407051992477,0.009656569488346577,4.828284744173288,21,1.0,916,patience,0.13907066674845023
ridge_teacher,4,6,64,0,24327330,0.010802261055661696,0.0011559158128037624,0.009646345242857934,4.8231726214289665,31,1.0,600,patience,0.13907066674845023
ridge_teacher,4,6,64,1,24327331,0.010755957814452202,0.001104862254631668,0.009651095559820534,4.825547779910266,29,1.0,867,patience,0.13907066674845023
ridge_teacher,4,6,64,2,24327332,0.010758407159100737,0.0010908201395976203,0.009667587019503116,4.833793509751558,29,1.0,944,patience,0.13907066674845023
ridge_teacher,4,6,64,3,24327333,0.010774237423151405,0.0011192500022646499,0.009654987420886755,4.8274937104433775,33,1.0,1141,patience,0.13907066674845023
ridge_teacher,4,6,64,4,24327334,0.010750724330298715,0.0010841442493126922,0.009666580080986023,4.8332900404930115,34,1.0,1046,patience,0.13907066674845023
ridge_teacher,4,6,64,5,24327335,0.01081252054906325,0.0011694561321182698,0.00964306441694498,4.82153220847249,29,1.0,599,patience,0.13907066674845023
ridge_teacher,4,6,64,6,24327336,0.010738173073161604,0.0010867990311274535,0.00965137404203415,4.825687021017075,32,1.0,637,patience,0.13907066674845023
ridge_teacher,4,6,64,7,24327337,0.010769082980130575,0.0011309375259026505,0.009638145454227925,4.819072727113962,27,1.0,973,patience,0.13907066674845023
ridge_teacher,4,6,128,0,24333794,0.010746395224501038,0.0010897860301478162,0.009656609194353223,4.828304597176611,39,1.0,540,patience,0.13907066674845023
ridge_teacher,4,6,128,1,24333795,0.010735382050548798,0.0010871065131324586,0.009648275537416338,4.8241377687081695,42,1.0,873,patience,0.13907066674845023
ridge_teacher,4,6,128,2,24333796,0.010802898011834337,0.0011595553604075448,0.009643342651426792,4.821671325713396,40,1.0,666,patience,0.13907066674845023
ridge_teacher,4,6,128,3,24333797,0.010763041369613549,0.0011207297425682757,0.009642311627045274,4.821155813522637,39,1.0,901,patience,0.13907066674845023
ridge_teacher,4,6,128,4,24333798,0.010753428375421904,0.0011261357982446192,0.009627292577177286,4.813646288588643,40,1.0000000000000002,962,patience,0.13907066674845023
ridge_teacher,4,6,128,5,24333799,0.010764766993657755,0.0011203297215561154,0.00964443727210164,4.82221863605082,38,1.0000000000000002,609,patience,0.13907066674845023
ridge_teacher,4,6,128,6,24333800,0.010784852344919861,0.001130879320581377,0.009653973024338484,4.826986512169242,41,1.0000000000000002,520,patience,0.13907066674845023
ridge_teacher,4,6,128,7,24333801,0.010765229807145484,0.0010993565143119178,0.009665873292833567,4.832936646416783,42,1.0,779,patience,0.13907066674845023
ridge_teacher,4,7,8,0,24331681,0.010917136646098164,0.0013128333159151343,0.00960430333018303,4.802151665091515,8,1.0,1176,patience,0.13907066674845023
ridge_teacher,4,7,8,1,24331682,0.012037211397759255,0.0027275722716968618,0.009309639126062393,4.654819563031197,8,1.0,602,patience,0.13907066674845023
ridge_teacher,4,7,8,2,24331683,0.010979087404839286,0.0014144982024352625,0.009564589202404022,4.782294601202011,8,1.0,1127,patience,0.13907066674845023
ridge_teacher,4,7,8,3,24331684,0.01090426798697152,0.0012944495135132307,0.00960981847345829,4.804909236729145,8,1.0,631,patience,0.13907066674845023
ridge_teacher,4,7,8,4,24331685,0.011981469450032664,0.0026386193162559984,0.009342850133776665,4.671425066888332,8,1.0,876,patience,0.13907066674845023
ridge_teacher,4,7,8,5,24331686,0.010982183584520244,0.0013760740249842641,0.00960610955953598,4.80305477976799,7,1.0,1096,patience,0.13907066674845023
ridge_teacher,4,7,8,6,24331687,0.011337216242776133,0.0017908144440510042,0.009546401798725129,4.773200899362564,8,0.9999999987207465,805,patience,0.13907066674845023
ridge_teacher,4,7,8,7,24331688,0.010866559424394094,0.001254219808572255,0.009612339615821839,4.806169807910919,8,1.0,1077,patience,0.13907066674845023
ridge_teacher,4,7,16,0,24332489,0.010754556555275246,0.001097869802240654,0.009656686753034592,4.828343376517296,15,1.0,1123,patience,0.13907066674845023
ridge_teacher,4,7,16,1,24332490,0.010782813638839116,0.0011591974351733822,0.009623616203665733,4.811808101832867,15,1.0,873,patience,0.13907066674845023
ridge_teacher,4,7,16,2,24332491,0.010839158303258423,0.0012224252141690287,0.009616733089089394,4.808366544544697,13,1.0,1000,patience,0.13907066674845023
ridge_teacher,4,7,16,3,24332492,0.010815233738914786,0.001173310475245772,0.009641923263669014,4.820961631834507,16,1.0,898,patience,0.13907066674845023
ridge_teacher,4,7,16,4,24332493,0.010782381944020852,0.0011569637280307852,0.009625418215990066,4.812709107995033,11,1.0,1396,patience,0.13907066674845023
ridge_teacher,4,7,16,5,24332494,0.010878504872717142,0.0012556778494493962,0.009622827023267746,4.811413511633873,13,1.0,1249,patience,0.13907066674845023
ridge_teacher,4,7,16,6,24332495,0.010745826459352613,0.0010924671169861566,0.009653359342366457,4.8266796711832285,15,1.0,1050,patience,0.13907066674845023
ridge_teacher,4,7,16,7,24332496,0.010797694515732304,0.0011731015484008948,0.009624592967331409,4.812296483665705,14,1.0,1630,patience,0.13907066674845023
ridge_teacher,4,7,32,0,24334105,0.010773033468379057,0.001117122380389249,0.009655911087989808,4.827955543994904,23,1.0,609,patience,0.13907066674845023
ridge_teacher,4,7,32,1,24334106,0.010746416178986645,0.00109221011166296,0.009654206067323685,4.827103033661842,24,1.0,1118,patience,0.13907066674845023
ridge_teacher,4,7,32,2,24334107,0.010737976902183683,0.0010737602794734554,0.009664216622710229,4.832108311355114,24,1.0000000000000002,590,patience,0.13907066674845023
ridge_teacher,4,7,32,3,24334108,0.010769995449047191,0.0011386164631057817,0.00963137898594141,4.815689492970705,24,1.0000000000000002,1058,patience,0.13907066674845023
ridge_teacher,4,7,32,4,24334109,0.01073429959041298,0.0010845913491886905,0.009649708241224289,4.8248541206121445,20,1.0,910,patience,0.13907066674845023
ridge_teacher,4,7,32,5,24334110,0.010755457138719936,0.0011311499533084828,0.009624307185411454,4.812153592705727,26,1.0,791,patience,0.13907066674845023
ridge_teacher,4,7,32,6,24334111,0.010754067002268658,0.0011244508013447379,0.00962961620092392,4.81480810046196,23,1.0000000000000002,897,patience,0.13907066674845023
ridge_teacher,4,7,32,7,24334112,0.010747295543638131,0.001109034020540379,0.009638261523097753,4.819130761548877,21,1.0,927,patience,0.13907066674845023
ridge_teacher,4,7,64,0,24337337,0.010738935201795904,0.0011202604392488878,0.009618674762547016,4.809337381273508,31,1.0,755,patience,0.13907066674845023
ridge_teacher,4,7,64,1,24337338,0.010755990614793213,0.0011239038888876734,0.009632086725905539,4.816043362952769,32,1.0,763,patience,0.13907066674845023
ridge_teacher,4,7,64,2,24337339,0.010725944011451534,0.0010759321069138568,0.009650011904537677,4.825005952268839,31,1.0,1166,patience,0.13907066674845023
ridge_teacher,4,7,64,3,24337340,0.01074042270102044,0.0011090865857197863,0.009631336115300655,4.815668057650328,31,1.0,680,patience,0.13907066674845023
ridge_teacher,4,7,64,4,24337341,0.010776849415783184,0.0011156965239684763,0.009661152891814708,4.830576445907354,27,1.0,1100,patience,0.13907066674845023
ridge_teacher,4,7,64,5,24337342,0.010749160490278013,0.001089219159725911,0.009659941330552101,4.829970665276051,32,1.0,1303,patience,0.13907066674845023
ridge_teacher,4,7,64,6,24337343,0.01075021444769069,0.0011198462801562182,0.009630368167534471,4.815184083767235,31,1.0,854,patience,0.13907066674845023
ridge_teacher,4,7,64,7,24337344,0.01074603269864074,0.001103168760055816,0.009642863938584923,4.821431969292462,32,1.0000000000000002,1063,patience,0.13907066674845023
ridge_teacher,4,7,128,0,24343801,0.010750127617786518,0.0010930180927318253,0.009657109525054693,4.828554762527347,36,1.0000000000000002,1091,patience,0.13907066674845023
ridge_teacher,4,7,128,1,24343802,0.010759311399008358,0.001108260578061664,0.009651050820946694,4.825525410473347,41,1.0,645,patience,0.13907066674845023
ridge_teacher,4,7,128,2,24343803,0.010737164875024734,0.0010894063911380148,0.009647758483886718,4.823879241943359,42,1.0,583,patience,0.13907066674845023
ridge_teacher,4,7,128,3,24343804,0.010768010746626559,0.0011104466579243564,0.009657564088702202,4.828782044351101,39,1.0000000000000002,762,patience,0.13907066674845023
ridge_teacher,4,7,128,4,24343805,0.010737878133172105,0.001063945878857681,0.009673932254314423,4.836966127157211,41,1.0,966,patience,0.13907066674845023
ridge_teacher,4,7,128,5,24343806,0.010762089235123604,0.0011084960115816283,0.009653593223541975,4.8267966117709875,39,1.0000000000000002,745,patience,0.13907066674845023
ridge_teacher,4,7,128,6,24343807,0.010747557194540812,0.0011025443837145094,0.009645012810826302,4.822506405413151,38,1.0,1081,patience,0.13907066674845023
ridge_teacher,4,7,128,7,24343808,0.010729283082512017,0.0010664836365997749,0.009662799445912243,4.831399722956121,36,1.0,1028,patience,0.13907066674845023
ridge_teacher,4,8,8,0,24341688,0.010872981293727813,0.0012624050813216563,0.009610576212406158,4.805288106203079,8,1.0,1244,patience,0.13907066674845023
ridge_teacher,4,8,8,1,24341689,0.010866026796403193,0.0012550952211048821,0.00961093157529831,4.805465787649155,8,0.9999999999999999,924,patience,0.13907066674845023
ridge_teacher,4,8,8,2,24341690,0.010987322954601333,0.0014068997187080816,0.00958042323589325,4.790211617946625,8,1.0,847,patience,0.13907066674845023
ridge_teacher,4,8,8,3,24341691,0.010967352248860295,0.0013453607486018486,0.009621991500258446,4.810995750129223,8,1.0,1596,patience,0.13907066674845023
ridge_teacher,4,8,8,4,24341692,0.010840637264579855,0.0012290063479843967,0.009611630916595459,4.8058154582977295,8,1.0,1662,patience,0.13907066674845023
ridge_teacher,4,8,8,5,24341693,0.010960296846547915,0.001350081659475159,0.009610215187072755,4.805107593536377,8,1.0,1088,patience,0.13907066674845023
ridge_teacher,4,8,8,6,24341694,0.010881133610267685,0.0012671308460426793,0.009614002764225006,4.807001382112503,7,1.0,1430,patience,0.13907066674845023
ridge_teacher,4,8,8,7,24341695,0.011985062246082877,0.00263495974695549,0.009350102499127388,4.675051249563694,8,1.0,1009,patience,0.13907066674845023
ridge_teacher,4,8,16,0,24342496,0.010821953159699206,0.0011942260311338943,0.009627727128565312,4.813863564282656,14,1.0,828,patience,0.13907066674845023
ridge_teacher,4,8,16,1,24342497,0.010768191486908716,0.0011418667289750984,0.009626324757933617,4.813162378966808,15,1.0,1284,patience,0.13907066674845023
ridge_teacher,4,8,16,2,24342498,0.010854081458175036,0.0012248645338653055,0.00962921692430973,4.814608462154865,15,1.0,641,patience,0.13907066674845023
ridge_teacher,4,8,16,3,24342499,0.01085985655430518,0.001226483196949583,0.009633373357355595,4.816686678677797,14,1.0,836,patience,0.13907066674845023
ridge_teacher,4,8,16,4,24342500,0.010781753865710501,0.001154590187302831,0.00962716367840767,4.8135818392038345,15,1.0,1039,patience,0.13907066674845023
ridge_teacher,4,8,16,5,24342501,0.010807697432975674,0.001181714492778682,0.009625982940196991,4.8129914700984955,14,1.0,1045,patience,0.13907066674845023
ridge_teacher,4,8,16,6,24342502,0.01077155420800769,0.0011265423657568652,0.009645011842250825,4.822505921125412,14,1.0,725,patience,0.13907066674845023
ridge_teacher,4,8,16,7,24342503,0.010825429196547054,0.0011898427857861737,0.00963558641076088,4.81779320538044,12,1.0,1102,patience,0.13907066674845023
ridge_teacher,4,8,32,0,24344112,0.01074618589916525,0.001102624429774261,0.009643561469390988,4.821780734695494,24,1.0000000000000002,1054,patience,0.13907066674845023
ridge_teacher,4,8,32,1,24344113,0.01075137183224684,0.00110267833029753,0.00964869350194931,4.824346750974655,23,1.0,1078,patience,0.13907066674845023
ridge_teacher,4,8,32,2,24344114,0.010760574566198586,0.0011258755568397036,0.009634699009358884,4.8173495046794415,23,1.0,986,patience,0.13907066674845023
ridge_teacher,4,8,32,3,24344115,0.010765904406621833,0.0011135372692493385,0.009652367137372494,4.826183568686247,20,1.0,1318,patience,0.13907066674845023
ridge_teacher,4,8,32,4,24344116,0.01075817130463064,0.0011205887343162333,0.009637582570314407,4.818791285157204,22,1.0,851,patience,0.13907066674845023
ridge_teacher,4,8,32,5,24344117,0.010797932874090296,0.0011724940646954613,0.009625438809394836,4.812719404697418,19,1.0,893,patience,0.13907066674845023
ridge_teacher,4,8,32,6,24344118,0.010774596061927908,0.001145086717230911,0.009629509344696998,4.814754672348499,26,1.0,867,patience,0.13907066674845023
ridge_teacher,4,8,32,7,24344119,0.010748233300918513,0.0011027196695150665,0.009645513631403447,4.822756815701723,23,1.0,948,patience,0.13907066674845023
ridge_teacher,4,8,64,0,24347344,0.010764899962342162,0.0011247599075946996,0.009640140054747462,4.820070027373731,33,1.0,1020,patience,0.13907066674845023
ridge_teacher,4,8,64,1,24347345,0.010727238707196406,0.0010836369413402575,0.009643601765856148,4.821800882928073,35,1.0000000000000002,721,patience,0.13907066674845023
ridge_teacher,4,8,64,2,24347346,0.010740884281129716,0.0010973126696358897,0.009643571611493826,4.821785805746913,32,1.0000000000000002,593,patience,0.13907066674845023
ridge_teacher,4,8,64,3,24347347,0.010756818397421628,0.0011275019072780905,0.009629316490143537,4.814658245071769,34,1.0000000000000002,605,patience,0.13907066674845023
ridge_teacher,4,8,64,4,24347348,0.010730867199841081,0.0010845205786257372,0.009646346621215343,4.823173310607672,32,1.0,878,patience,0.13907066674845023
ridge_teacher,4,8,64,5,24347349,0.010762765979046815,0.001134643040249936,0.009628122938796878,4.814061469398439,28,1.0,832,patience,0.13907066674845023
ridge_teacher,4,8,64,6,24347350,0.010738600151135822,0.0010859828083657228,0.0096526173427701,4.82630867138505,34,1.0000000000000002,919,patience,0.13907066674845023
ridge_teacher,4,8,64,7,24347351,0.010759140441525684,0.0011249348990208974,0.009634205542504787,4.817102771252394,33,1.0,942,patience,0.13907066674845023
ridge_teacher,4,8,128,0,24353808,0.010737617995477289,0.0010788471436863822,0.009658770851790906,4.8293854258954525,35,1.0,808,patience,0.13907066674845023
ridge_teacher,4,8,128,1,24353809,0.010762632719414614,0.0011175088725856768,0.009645123846828937,4.822561923414469,44,1.0,677,patience,0.13907066674845023
ridge_teacher,4,8,128,2,24353810,0.010725960371834913,0.0010687951909431614,0.009657165180891752,4.828582590445876,41,1.0,723,patience,0.13907066674845023
ridge_teacher,4,8,128,3,24353811,0.010739949170004842,0.0010999224609400014,0.009640026709064841,4.820013354532421,38,1.0,841,patience,0.13907066674845023
ridge_teacher,4,8,128,4,24353812,0.010755721740878115,0.001090436405024418,0.009665285335853696,4.832642667926848,39,1.0000000000000002,788,patience,0.13907066674845023
ridge_teacher,4,8,128,5,24353813,0.010743785266596006,0.0010872031569658994,0.009656582109630107,4.828291054815054,38,1.0,986,patience,0.13907066674845023
ridge_teacher,4,8,128,6,24353814,0.010738063402388908,0.0010866613796993274,0.009651402022689581,4.8257010113447905,41,1.0,1174,patience,0.13907066674845023
ridge_teacher,4,8,128,7,24353815,0.010766156036768034,0.0011247677173352969,0.009641388319432736,4.820694159716368,38,1.0,634,patience,0.13907066674845023
ridge_teacher,4,9,8,0,24351695,0.010861189265950534,0.0012485390503247714,0.009612650215625762,4.8063251078128815,8,1.0,1548,patience,0.13907066674845023
ridge_teacher,4,9,8,1,24351696,0.010881222044620527,0.001271803771648421,0.009609418272972107,4.8047091364860535,7,1.0,1148,patience,0.13907066674845023
ridge_teacher,4,9,8,2,24351697,0.010905181495324524,0.0013308403173841554,0.00957434117794037,4.787170588970184,8,1.0,852,patience,0.13907066674845023
ridge_teacher,4,9,8,3,24351698,0.010932871824921385,0.001353503650845304,0.009579368174076081,4.78968408703804,8,1.0,888,patience,0.13907066674845023
ridge_teacher,4,9,8,4,24351699,0.010942946902905173,0.001334324590359397,0.009608622312545776,4.804311156272888,8,1.0000000000000002,802,patience,0.13907066674845023
ridge_teacher,4,9,8,5,24351700,0.010901642692456682,0.0012817665293763467,0.009619876163080335,4.809938081540167,8,1.0,1788,patience,0.13907066674845023
ridge_teacher,4,9,8,6,24351701,0.01360886903154498,0.004646613881465252,0.008962255150079727,4.481127575039864,8,1.0,792,patience,0.13907066674845023
ridge_teacher,4,9,8,7,24351702,0.010984348149038066,0.0013830176303155327,0.009601330518722534,4.800665259361267,8,0.9999999999999999,1181,patience,0.13907066674845023
ridge_teacher,4,9,16,0,24352503,0.010798230024491661,0.001150670679723136,0.009647559344768524,4.823779672384262,11,1.0,1494,patience,0.13907066674845023
ridge_teacher,4,9,16,1,24352504,0.010818872022794229,0.0012081469924912268,0.009610725030303002,4.805362515151501,13,1.0,759,patience,0.13907066674845023
ridge_teacher,4,9,16,2,24352505,0.010795443468519933,0.0011693603031127523,0.009626083165407182,4.81304158270359,15,1.0,826,patience,0.13907066674845023
ridge_teacher,4,9,16,3,24352506,0.010794480796025286,0.001163089822099694,0.009631390973925591,4.815695486962795,15,1.0,1741,patience,0.13907066674845023
ridge_teacher,4,9,16,4,24352507,0.010800889494134358,0.0011787783226503634,0.009622111171483995,4.811055585741997,14,1.0000000000000002,1291,patience,0.13907066674845023
ridge_teacher,4,9,16,5,24352508,0.010842455905827351,0.0012196500347579206,0.009622805871069432,4.811402935534716,16,1.0,810,patience,0.13907066674845023
ridge_teacher,4,9,16,6,24352509,0.010792672704513853,0.0011760211545785132,0.00961665154993534,4.80832577496767,14,1.0,789,patience,0.13907066674845023
ridge_teacher,4,9,16,7,24352510,0.01078767457307238,0.0011252312332477026,0.009662443339824677,4.831221669912338,15,1.0,855,patience,0.13907066674845023
ridge_teacher,4,9,32,0,24354119,0.010756335743952015,0.0011133966010691912,0.009642939142882823,4.821469571441412,22,1.0,1048,patience,0.13907066674845023
ridge_teacher,4,9,32,1,24354120,0.010744875757906292,0.0011208935351555095,0.009623982222750783,4.8119911113753915,24,1.0,863,patience,0.13907066674845023
ridge_teacher,4,9,32,2,24354121,0.010734500115825316,0.0010904671345786062,0.00964403298124671,4.822016490623355,23,1.0,841,patience,0.13907066674845023
ridge_teacher,4,9,32,3,24354122,0.010743957748134343,0.001107328777630536,0.009636628970503807,4.8183144852519035,21,1.0,1143,patience,0.13907066674845023
ridge_teacher,4,9,32,4,24354123,0.010775483766980495,0.0011034493767097858,0.00967203439027071,4.836017195135355,22,1.0,905,patience,0.13907066674845023
ridge_teacher,4,9,32,5,24354124,0.010739933704771866,0.0010994412021719101,0.009640492502599955,4.820246251299977,24,1.0,1341,patience,0.13907066674845023
ridge_teacher,4,9,32,6,24354125,0.010764807424877532,0.001133187505786069,0.009631619919091464,4.8158099595457315,20,1.0,1158,patience,0.13907066674845023
ridge_teacher,4,9,32,7,24354126,0.010779396967234359,0.0011067695703527772,0.009672627396881581,4.83631369844079,24,1.0000000000000002,669,patience,0.13907066674845023
ridge_teacher,4,9,64,0,24357351,0.010752696774333758,0.001105069517523093,0.009647627256810665,4.823813628405333,28,1.0000000000000002,852,patience,0.13907066674845023
ridge_teacher,4,9,64,1,24357352,0.010733289954260873,0.0010631130775520074,0.009670176876708866,4.835088438354433,28,1.0,1088,patience,0.13907066674845023
ridge_teacher,4,9,64,2,24357353,0.01077499575147635,0.0011288191003561644,0.009646176651120187,4.823088325560093,28,1.0000000000000002,803,patience,0.13907066674845023
ridge_teacher,4,9,64,3,24357354,0.01072165605251277,0.0010662510489352992,0.00965540500357747,4.827702501788735,32,1.0000000000000002,878,patience,0.13907066674845023
ridge_teacher,4,9,64,4,24357355,0.010739522210048235,0.0011076235833630918,0.009631898626685143,4.815949313342571,26,1.0000000000000002,728,patience,0.13907066674845023
ridge_teacher,4,9,64,5,24357356,0.010740444825445936,0.001076201045369431,0.009664243780076505,4.832121890038252,29,1.0000000000000002,642,patience,0.13907066674845023
ridge_teacher,4,9,64,6,24357357,0.010724979989175255,0.0010777852907223051,0.00964719469845295,4.823597349226475,32,1.0000000000000002,968,patience,0.13907066674845023
ridge_teacher,4,9,64,7,24357358,0.010740750413491568,0.0010872320496581388,0.009653518363833428,4.826759181916714,31,1.0,857,patience,0.13907066674845023
ridge_teacher,4,9,128,0,24363815,0.01074523135368398,0.0011077677225755772,0.009637463631108404,4.818731815554202,41,1.0,807,patience,0.13907066674845023
ridge_teacher,4,9,128,1,24363816,0.010754554149442735,0.0011034241511760383,0.009651129998266696,4.8255649991333485,41,1.0000000000000002,1162,patience,0.13907066674845023
ridge_teacher,4,9,128,2,24363817,0.010741944368777618,0.0010876066701838826,0.009654337698593736,4.827168849296868,44,1.0,722,patience,0.13907066674845023
ridge_teacher,4,9,128,3,24363818,0.010781797261737756,0.001120682194658093,0.009661115067079663,4.830557533539832,35,1.0,691,patience,0.13907066674845023
ridge_teacher,4,9,128,4,24363819,0.010757374115316817,0.0011056046746956798,0.009651769440621138,4.825884720310569,41,1.0000000000000002,617,patience,0.13907066674845023
ridge_teacher,4,9,128,5,24363820,0.010763252360492595,0.001112341781824478,0.009650910578668117,4.825455289334059,35,1.0,840,patience,0.13907066674845023
ridge_teacher,4,9,128,6,24363821,0.010743027358164308,0.0010995236438114606,0.009643503714352847,4.821751857176423,40,1.0000000000000002,666,patience,0.13907066674845023
ridge_teacher,4,9,128,7,24363822,0.010741287404242638,0.0010964783314054048,0.009644809072837233,4.822404536418617,37,1.0000000000000002,660,patience,0.13907066674845023
